-1300.0,1.3825668E-5,1.2380302E-5,-1.2037896E-5,-3.2765834E-5,5.1174193E-6,4.210944E-6,-1.2917042E-6,1.4421686E-5,4.9297696E-6,-4.846242E-7,8.8388015E-6,-2.9918E-7
-1300.0,1.3825668E-5,1.2380302E-5,-1.2037896E-5,-3.2765834E-5,5.1174193E-6,4.210944E-6,-1.2917042E-6,1.4421686E-5,4.9297696E-6,-4.846242E-7,8.8388015E-6,-2.9918E-7
-1300.0,1.3825668E-5,1.2380302E-5,-1.2037896E-5,-3.2765834E-5,5.1174193E-6,4.210944E-6,-1.2917042E-6,1.4421686E-5,4.9297696E-6,-4.846242E-7,8.8388015E-6,-2.9918E-7
-1300.0,1.3825668E-5,1.2380302E-5,-1.2037896E-5,-3.2765834E-5,5.1174193E-6,4.210944E-6,-1.2917042E-6,1.4421686E-5,4.9297696E-6,-4.846242E-7,8.8388015E-6,-2.9918E-7
-1300.0,1.3825668E-5,1.2380302E-5,-1.2037896E-5,-3.2765834E-5,5.1174193E-6,4.210944E-6,-1.2917042E-6,1.4421686E-5,4.9297696E-6,-4.846242E-7,8.8388015E-6,-2.9918E-7
-1300.0,1.3825668E-5,1.2380302E-5,-1.2037896E-5,-3.2765834E-5,5.1174193E-6,4.210944E-6,-1.2917042E-6,1.4421686E-5,4.9297696E-6,-4.846242E-7,8.8388015E-6,-2.9918E-7
-1300.0,1.3825668E-5,1.2380302E-5,-1.2037896E-5,-3.2765834E-5,5.1174193E-6,4.210944E-6,-1.2917042E-6,1.4421686E-5,4.9297696E-6,-4.846242E-7,8.8388015E-6,-2.9918E-7
-208.06204,0.48811352,-0.87901264,-4.577853,4.777553,-5.76943,4.0316453,-3.780431,2.6988194,-1.7208068,2.7818575,-2.5679035,1.9656495
-165.68048,-0.7744166,4.48161,-3.0711415,2.483457,-3.9666712,2.9165378,-1.4095521,3.329245,-2.2420716,5.2224536,-1.7929492,2.546361
-152.91219,-0.21155518,3.4086888,-4.5365477,0.94384986,-4.0388436,2.444615,-4.105506,3.5573008,-1.4758961,5.2793937,-1.9600018,1.3531754
-141.60574,0.54727435,5.8537307,-3.222576,3.0775135,-4.3725915,2.058173,-4.92305,2.2689357,-0.49189132,5.274498,-0.35155517,2.1832888
-132.47604,-0.92091036,2.7292922,-6.6666884,0.017547008,-6.085513,1.4789321,-3.6750484,3.1613767,-1.3400289,5.326096,-1.6634582,2.3920114
-116.488525,3.3018744,5.5176716,-5.2150383,3.3955715,-4.6153283,1.6227823,-4.462323,3.8642583,0.028377512,5.5717535,-1.3797398,0.49474958
-99.60407,6.347943,6.64932,-5.303211,2.975016,-5.040861,2.1886823,-3.5950723,1.7455653,-2.156242,6.2023983,-2.7062142,1.2674811
-85.90479,3.8740642,3.5523167,-6.7682533,1.6529498,-7.1451464,0.09337482,-4.4704943,0.28483525,-3.3449302,3.8241422,-2.1602676,1.7619616
-71.81011,3.9553258,6.0479693,-6.2526965,3.8871505,-3.7965841,3.858719,-1.6110268,1.9245428,-1.7872835,3.5277846,-3.69565,1.2124658
-51.343334,5.5261536,5.433435,-7.292355,2.5303602,-4.059794,3.831272,-1.4840646,1.6128844,-3.9551883,2.880266,-3.1520882,2.8423624
-46.965008,7.4984097,6.020368,-6.799895,3.4864967,-6.0478497,3.4767587,-2.0525794,3.2298234,-2.189443,3.4096763,-2.235794,1.7350411
-45.947502,5.8266525,6.4152217,-5.0511885,3.7405114,-4.8450074,4.2821455,-2.3683155,2.6295586,-4.1658535,2.25506,-3.2474334,2.5776246
-44.273403,7.6057,5.997801,-4.8292255,3.4722424,-6.9064674,3.06014,-1.0091237,2.999569,-1.3846834,3.1906087,-2.7638988,4.1598263
-40.640697,7.7092853,5.74671,-5.943016,3.0428548,-5.9806786,4.1385126,-4.21465,2.0629144,-1.5698695,1.7781444,-3.578398,3.0010939
-37.34588,6.360941,6.799704,-5.5878563,1.1915258,-7.391262,1.6702466,-2.90843,1.0078503,-0.87057734,4.6450734,-2.530486,1.9000847
-38.919773,6.7036695,7.9902086,-4.254675,2.661863,-5.860402,2.9770846,-3.2007394,2.326719,-2.6021576,2.80019,-2.2225225,3.2023826
-36.598038,4.7962546,5.7348895,-3.5753193,1.7277609,-6.3997903,4.8038754,-5.0208697,2.0411756,-2.1978793,2.0712974,-1.996257,3.4708803
-39.23647,5.590434,4.96064,-5.934945,2.5609124,-5.529037,5.2509046,-2.4461215,0.5605046,-3.6236343,2.045706,-3.985733,2.1796963
-41.04396,5.7956467,5.3366942,-5.4230194,2.5081792,-5.4471383,2.950072,-2.865459,2.680606,-4.149103,0.8840651,-4.031307,2.7650898
-37.575954,7.8769283,5.855592,-7.009817,2.5704193,-5.5323286,3.9273078,-2.2384336,2.368645,-1.8958639,2.3838985,-2.7932372,4.2907586
-39.471725,6.891027,5.4450545,-8.041934,2.373697,-3.9135292,4.7915697,-3.090596,2.1671913,-2.6175692,2.5575535,-2.2589605,4.0025287
-41.507545,5.9032855,6.9349976,-4.657242,2.2241635,-6.4317174,3.5838976,-1.861149,2.570145,-4.0033298,1.2056735,-2.5771327,2.9298441
-41.99563,6.8934884,5.995616,-8.265476,3.3511178,-4.164295,3.4504142,-2.6026607,2.5411918,-1.994194,3.615586,-2.176231,2.9189234
-42.136528,5.7532516,8.107502,-3.5693274,4.7548347,-6.25845,2.7855213,-0.9676737,2.713279,-1.7695775,2.459941,-3.679814,1.6354035
-42.45223,4.9332404,2.79985,-6.9351425,3.370613,-4.3028436,2.9204183,-3.134401,2.3841429,-4.1715274,3.5229597,-1.6347668,3.9776497
-42.902668,4.4530263,3.3591294,-8.3611,2.2785525,-5.671875,2.8826962,-2.6798313,1.3714875,-2.3938234,4.3933015,-1.5543598,3.5377069
-45.238514,5.521826,4.908312,-7.0843325,3.4894493,-5.2209535,3.3930526,-1.2139877,3.7388403,-2.5661666,3.5301619,-2.7537756,1.5888475
-40.83591,8.5410185,6.0724864,-7.544836,3.3549795,-3.604262,4.302655,-2.5197346,3.722874,-1.5252285,3.681731,-3.1455584,3.21226
-40.434017,7.506511,4.3607802,-8.144669,2.4240074,-6.8174353,3.413122,-1.7495914,3.0743403,-2.1538439,2.4979873,-2.840652,3.714985
-42.57639,7.8481607,8.503581,-5.180748,4.1449976,-5.0826554,2.967589,-2.1231139,3.8383448,-0.9283076,1.8550591,-4.6687617,2.977674
-41.12734,7.579419,5.5046043,-7.6554346,1.6432859,-5.777289,4.1120715,-3.7193022,3.9118068,-2.9021406,2.7769613,-2.5801468,2.9642305
-46.706306,7.402799,4.806264,-7.802468,3.7172227,-3.3064613,2.632928,-1.102327,5.6160326,-1.7765123,2.5334,-4.5847774,3.2652366
-44.11749,5.858507,4.7777014,-7.8687186,2.4241798,-4.2662125,3.0736125,-0.9522272,4.9569287,-2.3794239,1.4843688,-4.297864,1.39622
-40.086857,8.267731,8.233513,-5.9874325,4.292134,-5.0934744,4.32802,-1.3379238,3.4341707,-3.229796,1.5052826,-1.4055514,3.8344011
-41.170723,7.681242,8.196397,-4.9745803,6.1970153,-4.5908346,3.8293216,-2.6681433,2.1721091,-3.2013323,0.7581566,-4.712552,2.4083714
-37.644505,8.832844,6.258726,-5.076253,5.6727486,-5.222602,4.468835,-3.0258794,1.6756606,-3.4359264,1.4508677,-3.4986062,3.7877295
-43.57461,6.0878983,5.611055,-6.205421,3.0586429,-5.045141,3.6465962,-3.0029593,3.705217,-2.1735291,2.2995322,-2.8362842,2.2179446
-38.760265,6.174096,7.0333567,-5.3089366,2.7205276,-6.419771,4.848969,-3.1322453,2.489635,-0.7646367,0.108111955,-4.8106704,3.732518
-37.503315,4.2111597,2.12845,-4.16324,3.8247955,-4.5000057,5.6085453,-2.0555758,3.7540243,-3.4569483,0.37673986,-5.572546,2.1198132
-39.666294,5.7463517,5.1417437,-4.8376317,3.330754,-5.966978,3.0666103,-2.9005713,2.0683074,-1.2289709,3.389995,-3.5464733,2.469142
-41.717594,3.8215842,4.374312,-6.135564,2.0520833,-5.6249003,3.419922,-3.453057,3.7307532,-1.4217284,2.1272821,-3.5148468,3.7720513
-40.846992,5.95123,4.97607,-5.327072,2.6385067,-4.6089983,7.3494034,-2.9326315,2.358099,-2.400778,1.4598168,-3.718529,2.6873024
-44.609016,7.616739,6.362812,-5.9625063,2.7349687,-4.4619274,5.7573814,-3.8083394,1.6778414,-2.1527429,2.1354923,-4.1145635,2.3404634
-43.778698,4.444996,5.8761525,-6.7392554,3.4386039,-6.1905537,3.9193642,-1.9115083,1.9181463,-1.8652041,-0.50127524,-5.334186,2.5337615
-39.302574,7.20935,6.1812205,-6.3378363,3.1607995,-5.9524674,2.5232759,-2.9941335,1.0278972,-3.368612,2.3049572,-4.8927965,1.5526426
-40.522545,7.5851855,7.5872893,-6.028037,3.3626719,-6.432627,3.21772,-3.5547616,1.0643064,-3.6832159,2.05933,-3.4375687,1.7903211
-45.39183,5.120713,6.357394,-3.3777788,3.0002186,-6.657339,4.111798,-1.7585078,2.5786693,-2.8550699,1.0601249,-5.708338,1.5547509
-43.566696,6.3457184,6.571648,-5.3699245,3.0168898,-5.4889693,2.2802508,-2.3352695,4.2263474,-2.2975502,0.9172246,-3.8861914,2.9425993
-43.997692,6.787566,6.2970095,-5.6718264,3.8052816,-4.6978483,5.445146,-1.4978691,4.251988,-1.3005903,0.7209176,-4.2126603,2.833697
-44.65341,7.484651,6.8621087,-5.6457515,3.617911,-4.735536,3.6223152,-3.2736285,3.7659733,-2.3422992,2.5663838,-3.2909153,2.2751372
-41.48608,6.6588273,6.8359327,-7.6768966,2.8466966,-5.7670937,3.6860747,-1.7464463,3.0019596,-3.6626167,1.6016027,-3.6123335,2.0969892
-45.06672,8.732581,6.502406,-7.533383,3.49257,-4.7883773,3.4077497,-2.9087281,1.7069027,-4.067318,2.0288725,-3.0554671,4.380219
-41.484627,7.372437,5.520474,-8.496933,1.8496946,-5.1586385,4.8600245,-2.6712039,2.8951187,-1.3573567,4.1286263,-2.7028677,1.8067564
-45.884857,7.035868,5.226103,-10.192123,1.892834,-5.4472775,3.9631345,-2.8859797,3.2195997,-2.2698658,2.9490612,-3.6539683,0.48580897
-44.201973,7.424308,5.7168884,-6.6304197,4.158456,-3.7265904,4.7474456,-1.998532,2.5808036,-1.9138274,3.2532036,-4.2181606,1.7165356
-39.394707,7.160799,5.322993,-6.0062943,4.1015882,-5.43695,4.4481273,-2.742017,2.0961187,-2.6498783,2.3089287,-2.4380064,2.2615652
-39.81245,4.5903893,5.303471,-7.109854,1.0480511,-6.6587305,4.0036087,-1.0612756,2.0342689,-2.1240175,3.7766657,-3.1167464,2.1919656
-39.560005,6.927822,6.0513515,-6.517187,2.4270656,-5.937586,2.5085697,-3.397035,3.920142,-1.3815501,3.3306408,-2.8777487,4.430351
-37.839222,6.642271,5.255761,-6.135283,2.3407996,-5.830788,5.040264,-2.5283737,1.455047,-3.0371802,1.4889795,-3.8254259,2.026846
-40.109173,6.467538,6.828993,-5.673813,2.7305715,-4.8049507,3.503756,-2.3531826,2.3429935,-1.4807467,2.931396,-4.9362316,2.9991357
-39.78552,8.1875925,7.2203736,-6.984564,3.5255976,-5.5145273,2.968009,-2.370826,3.0208385,-2.2467315,2.169888,-2.1174738,4.417823
-41.116695,6.259704,6.4644485,-5.8691163,3.9616203,-4.702605,4.2377644,-0.5816799,2.1854196,-3.2902944,1.9682306,-3.7737541,3.5784264
-40.18908,6.810796,6.962508,-4.610874,4.2250223,-6.07943,3.1824052,-3.1325428,2.5686848,-3.8090737,1.2735223,-2.4100728,4.3500066
-43.287636,6.4387846,7.823228,-4.578089,3.4556763,-4.0182657,3.5033903,-3.7433088,1.6523144,-3.3095121,2.223064,-1.1501361,3.9470606
-44.333996,5.563602,6.8217964,-5.8909693,4.6112895,-4.03422,3.1933641,-1.8854424,2.0774913,-2.69557,3.671824,-3.3333917,1.733426
-43.61317,7.057387,6.0023384,-5.759379,2.9339335,-6.054824,4.803644,-2.031353,3.188034,-0.72992104,2.5321736,-4.676948,1.0806305
-45.061512,7.9483304,7.53365,-5.317909,4.1811833,-4.1134276,5.509215,-2.7769341,3.2869468,-1.6039474,3.6907732,-3.1634037,2.6082492
-42.459034,7.0690503,7.2353296,-8.045821,4.575537,-3.5786114,5.1936655,-1.3550231,2.9267464,-2.5381331,3.6839159,-2.2697642,1.8118675
-45.13732,6.826603,6.182307,-6.8386483,4.013809,-5.532733,2.098519,-2.9339256,2.9608567,-0.44041434,3.78432,-2.0409253,3.6262512
-43.58417,6.7231092,6.4668694,-6.680056,3.9618645,-4.0052953,4.1641145,-2.0631814,2.6225853,-1.8390406,4.0500407,-1.7095289,2.8670464
-39.582397,8.585128,6.7799315,-8.488477,1.3763375,-4.7530127,4.5756464,-2.0185995,3.990119,-1.9022634,4.364047,-1.0841993,3.6185184
-41.72776,6.6792073,6.391317,-5.877802,4.483253,-4.5979395,3.943764,-2.5674508,4.69053,-1.7667623,3.0848238,-2.8336945,2.2677832
-47.44845,5.3220663,7.1711164,-7.335004,2.3496485,-3.638731,3.9689114,-4.3730345,2.6009357,-1.5636414,5.273714,-3.0254636,2.290106
-40.8872,8.093356,8.237206,-4.089813,6.668021,-2.2593648,4.1361356,-3.8787272,1.147969,-3.3789227,1.910153,-3.0461643,3.2787004
-40.9015,8.524642,6.424033,-7.0764604,5.214611,-3.8828526,6.0776496,-0.98076177,3.5660157,-2.704017,1.4756242,-2.6437876,2.816934
-44.40974,6.5918784,4.451796,-7.2336864,5.2000303,-3.057932,4.3305106,-1.6844323,3.331425,-2.4958177,2.4382014,-2.845568,3.1537204
-42.46515,6.4038115,7.1001287,-6.1747713,4.5478554,-4.5626802,4.0308294,-2.6838953,3.3012404,-1.0686042,3.1356637,-2.4899948,3.2696006
-42.334805,7.5936503,6.4359546,-5.6771283,4.066454,-3.6487641,4.667899,-3.5260577,1.5727391,-2.9716656,1.9895326,-3.6985292,3.0173836
-41.535454,5.790845,6.0555196,-4.3690066,4.800232,-5.156094,2.762356,-3.5570571,3.4441056,-2.375911,2.493656,-3.215539,2.504981
-39.55478,5.72611,5.0329914,-6.1851053,2.1164923,-5.101906,2.6808238,-4.1786766,1.9667474,-1.6403078,4.762732,-1.7594707,4.076282
-44.1104,5.5583386,4.3975987,-6.653861,2.7536213,-3.5098763,6.191477,-3.6253073,2.2693841,-2.322634,4.628301,-2.2191415,3.56084
-40.288914,6.8263726,5.4741077,-6.0707803,3.4012828,-5.438042,4.8885136,-2.7643845,3.2994096,-2.2491136,2.9249113,-2.6791573,3.2408648
-41.960697,6.0583096,6.4441934,-4.943047,4.9522796,-5.8174505,3.4501493,-2.3199947,3.7511413,-0.34682733,4.0183234,-2.3584445,2.3310466
-44.42539,4.651228,5.3721743,-3.91957,4.458691,-5.396095,5.814412,-1.4906567,2.7866635,-2.1965468,3.0627487,-1.2640002,3.7204669
-43.03999,7.674003,5.4459267,-6.075707,4.1930847,-5.253868,5.0283933,-0.59599966,1.9914131,-3.986686,2.6159873,-4.1061444,4.3980436
-45.52937,4.8877444,5.747746,-5.249677,4.111785,-4.304913,4.9670606,-2.5266538,1.837893,-1.8366488,1.9898431,-2.6929886,3.7739015
-43.414192,5.1774507,5.946433,-5.3419857,5.502191,-4.6486917,4.031637,-2.3434806,3.3659737,1.5802369,3.8630881,-3.4295022,1.4102521
-45.916454,6.3031087,6.752978,-6.5354257,3.8308928,-4.3935475,3.933609,-0.9692145,1.9523965,-1.7329255,3.7655954,-3.0305705,3.6661632
-43.28867,6.2914534,6.033563,-7.0758576,4.8812833,-3.542477,4.1940227,-3.116575,1.821292,-2.194182,3.095962,-1.8029708,1.9948307
-44.36764,6.0130873,4.4013557,-5.623291,3.807262,-3.344785,6.0050735,-2.357801,1.5596049,-2.319922,3.374775,-2.6831732,2.500914
-47.129326,5.7788935,3.732544,-7.625405,3.5205586,-4.9694057,3.7664514,-1.9083428,1.153843,-3.13701,3.1080258,-4.2204776,2.820417
-49.233902,3.9421482,4.5126643,-8.827545,3.3108418,-4.3676066,3.7551994,-3.1204777,2.2244127,-1.6154425,4.0255103,-1.3730881,3.9432445
-44.844006,5.6458163,6.78925,-7.4345818,4.2434583,-3.9651961,5.2935123,-1.9167869,2.0219588,-3.094348,2.7903388,-1.9224799,3.3958948
-43.676544,6.1316605,5.6735306,-5.813202,4.90994,-3.3027568,3.0269496,-3.8255136,2.605321,-2.3506365,3.9488964,-1.8025527,2.3493152
-43.93113,7.0510325,5.642665,-7.3919306,3.319639,-4.735608,3.848669,-3.1935663,1.6005337,-3.1371846,1.8061817,-4.689472,1.9261363
-44.673084,5.486258,2.9284222,-6.690443,2.5411246,-6.511494,2.9317749,-3.607589,1.6232482,-2.9029422,2.5280936,-2.740404,2.982263
-44.62711,6.316844,4.4667597,-6.8770638,3.1262796,-5.297568,2.3758337,-3.453409,2.3728557,-2.3514667,2.599792,-2.723915,4.788937
-42.972904,6.5570655,4.135528,-7.303941,3.1891208,-5.9575825,2.834214,-5.143016,0.45437276,-3.021479,3.9773433,-0.9871214,3.3660626
-42.04537,5.785168,4.4593077,-3.574628,5.158298,-3.252385,5.3201084,-2.0150821,2.3991165,-1.83973,3.6363,-2.6974027,4.2584243
-39.689877,4.2604823,2.8305268,-4.6977735,3.540428,-6.296852,2.496965,-3.371561,2.6928868,-0.7291988,2.9656982,-4.6949997,5.584558
-40.978485,1.4237087,3.3005252,-3.9917958,4.505477,-5.0708294,2.58343,-3.6977017,2.000616,-1.0489453,2.2119596,-2.580645,3.9461007
-39.857204,4.046876,4.4733653,-4.9789085,3.4320977,-7.3570466,2.5522513,-3.1811388,1.7941713,-2.0478332,1.8652452,-2.3571784,3.8942046
-37.063656,5.2243953,4.4745216,-4.9814115,3.9146135,-5.1720724,4.3928294,-3.8320196,3.113404,-1.3813334,3.7327108,-1.9125583,3.3322177
-39.561626,5.169147,3.427173,-3.763277,3.660118,-5.176382,3.8714378,-4.252829,2.3706553,-0.5764489,4.0389895,-1.7829072,5.0121927
-41.987003,4.8443456,4.8690467,-4.6569886,4.532485,-3.1704304,4.468929,-2.4770892,3.227311,-1.9922956,2.169909,-3.8002203,3.9346066
-42.148243,4.085216,3.7330854,-5.225231,4.276642,-3.6798964,4.074318,-3.4004958,1.834113,-2.737928,2.8462827,-3.47055,3.0137389
-41.600876,3.070403,3.8666208,-4.052806,4.4603543,-2.4611664,5.629905,-2.7277036,4.9692473,-1.0866839,3.6624813,-4.5500197,3.2897096
-39.134163,7.6312904,3.57314,-5.0165133,4.751278,-6.4683046,2.5661614,-2.3118317,2.559522,-5.455092,2.977615,-2.2018704,4.1383386
-43.996635,5.049171,3.718699,-5.419541,4.570769,-5.0721893,2.3992834,-1.7276045,3.8621857,-2.504924,2.083634,-3.963436,3.3624904
-42.605476,3.6287022,2.8809621,-6.5269513,5.3636317,-5.785376,1.593118,-3.263967,0.5693568,-2.0264285,3.2403748,-1.6300097,3.0939474
-42.43757,5.957412,5.8272495,-5.942589,5.1478047,-4.9915867,3.635516,-2.8773737,2.4116683,-2.5508277,2.4309802,-2.1954367,3.6948256
-43.646885,4.250635,4.9189334,-6.2350407,6.283534,-3.3816931,3.1595488,-2.0912564,3.7143865,-0.9043711,3.367193,-2.1396158,3.4190004
-41.801186,5.6575375,6.1139364,-5.520133,5.0892186,-3.3588755,3.2600622,-3.6034014,2.5020232,-1.7974578,2.9561708,-3.0272772,3.9882677
-42.74742,7.4774075,6.8237066,-5.627624,5.041271,-5.9867125,2.113833,-3.5937173,3.1784546,-2.612944,4.418587,-1.7903234,4.0916576
-43.966637,6.146526,4.6291046,-6.1294,4.5177064,-5.061792,2.930963,-1.846943,2.8179846,-3.3960772,3.6512923,-3.3704524,4.3431563
-44.898502,4.875913,6.4092145,-4.485117,5.7295017,-4.3083825,1.4009056,-2.448675,3.2136445,-0.82021505,3.748336,-2.6020126,2.8517761
-42.548477,6.1035433,4.4462686,-5.9108,4.4631333,-7.1325192,3.6785762,-2.165379,1.5042108,-2.3779066,2.8714936,-2.6342738,4.219186
-46.34284,6.6871486,7.5425687,-5.009178,5.3043637,-4.6456437,2.8348153,-4.0739346,4.1225495,-1.3547685,3.6304338,-1.792422,4.241192
-47.287163,3.476617,4.801248,-6.5996175,5.4754486,-6.1929145,2.669217,-4.579931,2.724761,-1.315918,4.2225456,-1.6024837,2.3528593
-46.09777,5.655113,5.3743505,-4.7860594,7.456843,-4.190478,3.133274,-2.8278265,4.857156,-1.5245401,2.96107,-3.2218742,2.7257597
-37.110947,8.312609,7.6556654,-6.26204,5.3952365,-3.9163017,4.377777,-2.5363703,3.4753792,-3.5039139,3.0116737,-2.2146552,3.9374814
-45.859554,3.1625812,3.6345313,-7.505871,5.0672727,-3.7304752,4.3164053,-3.4810097,3.6627347,-1.7420574,3.6945114,-0.9372268,2.9280498
-44.69323,5.123036,6.6109653,-6.254053,4.72664,-3.7288682,2.9296823,-3.0114021,3.3862474,-0.85281,3.267991,-2.3386698,3.6312773
-44.308395,4.4453435,4.9278684,-6.29281,5.3711824,-4.573712,4.6379895,-3.5017228,2.1801078,-1.4389448,2.7997072,-3.096575,2.7608883
-44.365593,6.070256,5.8006134,-5.7018127,4.278511,-5.6140714,3.4132495,-2.8195589,3.8734539,-1.3420004,3.0500035,-2.0207398,3.0701375
-43.398422,5.1257987,3.4895222,-5.402022,2.733848,-5.3719597,2.6054046,-3.8887334,3.0190804,-2.7779033,3.1525102,-2.598687,3.879077
-43.673813,5.072434,5.025538,-6.9900937,4.7111764,-4.503556,3.1263943,-2.265393,3.020702,-2.0506089,3.9576957,-1.8005893,2.9112334
-41.981556,6.7676888,5.969368,-4.6440706,6.788349,-3.423522,5.0129867,-1.4389112,3.6022387,-2.0352273,3.647207,-2.7151008,3.4484885
-44.35617,4.4800363,5.65327,-6.2017856,7.761205,-3.189706,4.045669,-1.0267224,2.2114022,-2.313957,3.6419318,-1.9205863,3.9354494
-43.250443,6.8067627,6.8305545,-6.3117065,5.8192983,-4.3855295,5.434259,-0.7388361,3.5314324,-2.6933503,3.4083717,-2.336823,3.8155892
-43.90332,5.5466547,4.6685896,-6.1293197,5.3039613,-5.7790127,2.024399,-2.3140144,2.7915308,-0.9100834,2.7635632,-2.2444649,4.122881
-42.272774,7.230481,4.8693686,-7.9328113,4.844353,-4.1201677,3.130218,-1.4987832,2.420143,-3.5569608,2.413537,-3.3090618,4.1462274
-46.31859,4.7931337,4.761211,-6.9674788,4.984536,-3.663333,3.677673,-2.9003766,2.8942642,-0.9076905,3.6184895,-1.8976591,2.1138656
-44.344437,5.8379364,4.7176867,-3.9624097,6.6959105,-4.125159,3.5029495,-3.6850324,3.0071275,-1.0159506,2.5213542,-4.2777586,3.5123272
-42.899666,6.7710385,6.08849,-4.52281,6.664992,-6.3202963,3.3073063,-2.314162,3.1412435,-3.1461568,3.486305,-1.1981324,4.3508315
-45.468346,4.1694093,3.194438,-6.45409,6.8774667,-2.8906124,5.0486298,-0.04038045,4.040442,-2.3643134,2.4967926,-2.6435688,3.4361637
-46.675495,6.3653483,5.7943554,-6.172649,5.492007,-3.323584,3.9316638,-1.2529526,4.1643085,-2.085345,5.413858,-1.9931388,3.4004877
-45.176376,5.6280584,4.621168,-4.91626,7.400357,-3.0112846,4.396623,-3.8315084,4.2157516,-2.434489,3.4010549,-1.9749782,2.8920121
-44.1918,6.0151553,5.272385,-5.8090024,5.6688976,-3.6263063,3.6049392,-3.4730532,2.3027983,-2.2331464,4.7657666,-2.8050709,2.962946
-45.067905,6.202685,4.428199,-7.020761,3.3470602,-3.9082117,2.0475013,-4.58018,2.9681923,-2.0589123,3.5903451,-3.4652686,3.1625106
-42.970627,7.1668406,7.106281,-6.694986,3.8512561,-5.4139004,4.093782,-2.6065297,2.9346867,-2.0937154,3.4350893,-2.4695942,2.0024383
-39.37915,5.9315753,5.0033803,-2.710988,4.4250207,-5.138314,3.9244165,-3.9952743,2.7847784,-0.50525624,3.9878097,-2.8304813,4.444493
-39.966587,3.8186758,3.1222615,-5.643065,2.867303,-6.737758,2.074572,-2.294161,2.6695678,-0.9994907,4.0759087,-3.1995134,3.5617054
-41.69448,3.7727673,4.9222107,-4.729875,2.8363328,-6.5188165,3.0917604,-2.7286184,3.5938377,-1.3846245,4.471155,-2.0868697,4.431512
-41.676533,2.556027,2.4348173,-7.1192145,4.163872,-4.9227805,2.3173034,-4.8700347,1.2318543,-2.1350462,2.758414,-2.7998219,3.0264642
-42.492966,4.479486,5.131695,-3.7483819,3.4219918,-6.799656,4.4388046,-2.911873,3.4457035,-1.200624,4.2539344,-2.4951015,3.3317323
-40.98615,5.1327243,5.7241592,-5.213689,5.125799,-4.794613,3.602244,-4.048425,1.4395019,-2.064703,3.266271,-1.8950472,3.6189318
-40.200348,6.3051987,7.791489,-4.428659,4.023038,-4.8377113,4.5581293,-2.2530441,3.2952518,-1.1527247,3.2523263,-3.0678785,2.9263792
-43.211143,5.6165113,6.889689,-4.3987722,1.7593148,-5.9690228,4.293433,-4.0331836,3.1775658,-2.4212997,2.2940338,-2.8530605,3.8885927
-41.66429,5.118454,4.509833,-7.2587485,3.7087417,-5.884132,2.5797017,-3.9539282,0.5181661,-3.2889388,3.189439,-3.6521013,3.216704
-43.414394,5.983234,5.214714,-5.4661245,3.7227337,-5.136802,4.3400965,-3.102809,2.3493989,-2.592369,4.2640224,-2.2785876,3.503001
-43.214428,5.1686845,6.9357066,-4.935224,6.7326264,-2.2078543,4.0742407,-3.3262084,1.693481,-2.2979815,3.7330532,-1.3187416,2.8269515
-43.54452,5.811315,6.028665,-6.067558,5.034755,-4.176354,5.6213174,-2.9938538,2.2161236,-1.867709,3.6912134,-2.7080636,2.2083428
-47.341522,3.0266132,4.7574873,-5.439449,5.2357,-4.0246086,4.4978504,-3.6531026,1.924324,-1.3817827,3.278919,-2.29778,2.6113453
-45.672478,5.977326,6.102847,-5.7763543,7.33276,-3.25167,4.8822246,-2.2665017,4.6128507,-0.97281754,4.764681,-2.020829,2.7573378
-40.92137,6.287092,6.6943836,-6.910396,5.3120804,-4.647679,2.7871206,-3.3929145,4.0684323,-2.4906569,5.2397017,-2.1651227,2.6121118
-46.849766,3.300992,6.6890717,-6.6027093,5.2350473,-3.5743668,4.543253,-3.4722788,2.804664,-2.9550917,3.8028624,-1.7043965,3.601158
-46.335205,5.2274213,6.929116,-5.2751656,5.735548,-3.196252,2.3364604,-3.40337,2.3039534,-2.9979608,4.0553885,-2.6866279,1.5597658
-41.69774,5.940249,5.846251,-5.6386304,4.414446,-5.442729,3.822824,-3.5920084,1.4949011,-3.587956,3.6409402,-3.282637,2.3270438
-44.70683,5.8801975,5.9148974,-5.3897505,5.317745,-4.557137,4.1220694,-2.302875,2.1246288,-4.268119,4.2441936,-2.1667016,3.5455444
-43.02434,4.4746704,6.58505,-4.1181955,6.2269144,-3.514594,4.93344,-2.9782202,3.219404,-4.9167643,2.2798316,-3.1323028,1.1964165
-43.29548,7.6833005,6.3788733,-7.8112245,4.047456,-3.77946,5.617002,-2.319427,3.602803,-2.6063273,4.299561,-3.1975522,2.6239042
-42.75083,6.3622756,8.132252,-5.9565983,4.6967793,-5.143515,2.459882,-3.3760135,2.392928,-2.713978,4.7228127,-2.9909332,3.6668582
-43.14471,5.1831613,6.7546024,-4.0803156,5.1598487,-4.2483015,4.9377894,-1.5745015,4.3634925,-2.5014882,4.706957,-4.8084054,3.1932974
-40.114265,6.7947054,6.7332587,-6.6094303,3.9254522,-3.7115977,4.041403,-2.2269244,3.4638698,-2.1015553,4.6226344,-3.1132329,3.9771762
-44.07369,4.6242013,6.798018,-7.2980022,4.3621645,-4.550453,4.9052076,-1.9166806,3.8251674,-2.3179624,3.0364957,-2.8578079,2.5150452
-35.05115,5.0713916,5.5628953,-4.072642,3.2833738,-7.261002,4.4909797,-6.2402644,1.2114474,-0.61597663,3.4434733,-2.6188781,3.8347208
-26.407784,10.556498,8.072355,-3.941771,2.0903695,-10.387969,2.040695,-8.668801,0.9196635,-2.2901294,2.975707,-3.3803515,4.874501
-23.617706,10.1239,8.511996,-3.7078404,0.9270145,-8.809765,-1.415615,-8.262766,2.1603053,-4.3033857,4.596561,-1.5727478,7.882911
-27.93456,8.453971,6.6735296,-3.982215,2.5731041,-8.47537,1.3768306,-7.9654827,0.76905876,-1.8049697,4.8425994,-1.8067104,5.792227
-28.209408,10.003627,8.181662,-4.322699,3.5131085,-7.9175124,0.9177859,-7.2949996,3.0710552,-1.7563249,4.1140714,-1.5899947,3.853533
-31.490835,9.129891,8.913625,-2.6941364,4.3402205,-8.7625265,2.028765,-7.951727,1.8134336,-2.0419846,4.512204,0.2508205,6.3577647
-32.400124,8.729445,8.182139,-6.129874,-0.16638388,-9.281752,0.44636905,-8.104615,0.538245,-3.9528124,5.2579236,-1.7786696,4.5516057
-33.98582,10.079837,9.0947895,-4.9737816,1.1515781,-8.575273,0.93213254,-6.682693,1.6851404,-2.41337,6.6104136,-1.9083798,3.7953382
-35.984657,10.212465,10.45976,-4.630623,2.2142243,-8.856949,2.9294455,-4.446339,2.8570845,-1.726426,3.7017365,-1.4333988,6.892754
-37.37062,10.195152,10.676296,-4.423923,4.308111,-5.7352953,1.8617363,-5.667991,1.16181,-2.0395534,5.0912538,-1.8766317,4.8695884
-40.823803,8.322932,8.364328,-4.663459,3.6877778,-7.272009,1.0965211,-4.666485,1.4643904,-3.0688517,3.9933422,-1.5447049,4.5812106
-39.72217,8.693252,6.4268684,-6.182779,3.1605406,-7.311591,1.6413145,-6.7911024,1.3511921,-2.275959,4.929529,-1.2549732,4.937876
-37.984955,8.158168,7.573726,-5.22099,3.7348313,-7.7108603,2.7512007,-4.0810213,3.3969944,-0.8376445,5.2399616,-1.5299802,4.3250675
-42.692467,7.4102526,6.02273,-6.6394796,3.477156,-3.994576,4.93686,-4.9676843,3.4000986,-2.0550327,5.269438,-2.271915,3.6268504
-40.71584,8.756007,7.6135674,-7.361014,1.9414457,-5.733288,3.9092247,-3.2230835,1.6454546,-2.6620722,4.3486686,-2.3136156,4.2376103
-45.09126,7.1503224,6.072478,-7.375006,2.4386625,-5.5071425,2.1127777,-4.8204246,1.6198217,-2.575511,3.8581374,-2.9451153,2.1616848
-41.051872,8.073816,6.501414,-6.0908084,4.0379696,-5.429711,4.337561,-4.6110845,1.9768732,-1.9709327,4.0011387,-1.888572,2.9836495
-41.06567,6.8208494,6.054064,-6.809965,3.316681,-5.126501,3.1183977,-2.2331796,0.9479979,-1.7456366,5.4829416,-1.9159685,3.3338127
-41.237843,7.061755,8.142611,-7.4527426,3.346615,-5.654426,3.2293692,-2.373452,1.7643349,-1.8890127,3.914451,-2.4494543,3.2019424
-41.07843,7.0793233,5.941932,-7.871605,2.5810263,-6.1725073,1.6607567,-4.1736073,3.2959368,-1.5928028,3.4702685,-1.8861471,4.395084
-41.70352,3.3888454,5.4000125,-6.653648,2.5974693,-3.9568908,3.492436,-3.6408603,1.8878875,-3.313315,4.6043377,-0.9183905,4.551282
-40.666916,3.7396924,4.640049,-5.9289217,2.0617173,-6.39165,3.6058698,-2.7725933,3.0922942,-0.73372984,5.1460986,-0.61882806,4.886435
-40.771053,5.3631406,3.9055479,-4.138685,4.717807,-3.8643668,4.737424,-4.747555,2.8482223,-1.8127326,4.06286,-3.7300172,2.8327127
-44.09871,4.9401135,5.944942,-4.5863667,4.2399464,-5.0259,3.8005095,-4.134079,2.200742,-0.94526917,3.7681696,-3.1492326,3.0284243
-40.453335,7.3330803,5.1896114,-4.98389,5.3743753,-5.1778073,3.0687335,-3.9295385,2.965969,-1.8797761,2.9449883,-2.8085911,3.5192673
-38.031643,7.8255215,5.9634833,-4.816365,3.5509975,-4.2640276,5.604131,-5.483456,1.5357952,-2.5777454,5.343566,-1.9317689,4.0480986
-40.00987,4.282161,4.5365114,-5.198444,3.4945936,-4.609449,4.799267,-3.1981518,2.166354,-1.2207124,4.149085,-2.2347329,4.1250863
-40.610718,6.614534,5.6827197,-6.091769,4.241326,-3.661304,6.581594,-2.3032317,2.4953008,-2.362767,2.7702024,-2.7225778,3.7139807
-38.739918,6.2117867,5.8567333,-5.906774,3.6794908,-4.6958394,4.69455,-2.5449452,2.4046073,-1.4182479,2.459387,-3.2353344,2.783101
-43.356403,4.176653,4.549694,-6.234699,2.543048,-3.9661703,4.1385565,-5.4640574,1.2411118,-1.3466144,5.8481574,-2.2272236,3.4250553
-37.351658,5.941434,4.896533,-7.279379,2.2855253,-2.8276534,7.2614307,-1.7355286,2.7331395,-0.2428297,4.2284036,-3.086516,3.2108645
-38.865562,4.8257875,4.6757536,-7.872006,1.5013905,-4.4301295,4.508462,-2.5433352,3.065683,-1.2433755,2.8334024,-3.9664788,3.6183064
-38.20533,6.51596,5.551884,-5.709527,0.27257407,-4.0759387,5.377728,-4.5466456,1.9937147,-1.3082684,4.040962,-2.675315,3.810294
-41.473225,5.103144,5.6020174,-7.567151,1.8953564,-6.188795,6.1765203,-0.15846682,4.1311154,-2.4846811,2.4523025,-2.3226871,4.1980906
-42.992725,3.7615612,4.0666943,-8.497202,2.798683,-3.869676,4.2465234,-3.1206145,3.4827068,-1.4551635,4.3205366,-2.1876035,3.534106
-41.835114,4.427735,6.239255,-5.9806314,1.3108919,-4.755735,3.7504606,-3.1622167,3.7557225,-2.684069,3.5139139,-1.2688317,4.002457
-41.793457,5.3957114,5.7171645,-6.9287558,1.4067764,-4.879684,4.0581903,-2.6494353,3.8532002,-1.4861809,3.1779997,-2.2191746,2.8624768
-42.467705,5.9989905,4.739956,-6.0227413,2.497736,-3.1593504,3.4325051,-3.2009604,2.7937522,-2.6660707,4.708153,-2.7663794,3.4717202
-42.56213,7.114354,5.129794,-8.115833,4.188495,-3.6194115,2.742649,-3.477255,3.8222404,-2.283086,4.594473,-0.30541015,3.6623847
-40.406284,7.806533,6.0286975,-5.668548,5.064024,-3.0783398,5.1313753,-1.8742833,1.9883715,-3.739676,2.6957989,-4.053343,3.7339268
-42.951042,4.8021603,5.6818514,-6.295431,2.9983113,-3.9837961,4.8804116,-2.5230265,1.9260491,-3.230211,3.4252298,-1.6516428,5.427401
-41.291306,6.34467,6.8177876,-5.913453,2.49293,-5.9120445,3.6418333,-1.4552549,2.8536797,-3.3948772,1.2412056,-3.6645513,2.621293
-40.80135,6.280275,5.917703,-6.448573,2.640095,-5.175959,4.1576576,-2.0728798,4.202085,-2.5522053,3.836611,-3.786553,1.5837187
-40.777992,6.5820384,6.1134825,-3.680248,3.611208,-5.517699,4.278931,-2.458452,3.6105535,-1.8205379,3.9537773,-4.041521,2.5111423
-41.039238,5.041699,4.576886,-4.795912,3.8279564,-4.9078236,5.117164,-1.9303721,2.2041967,-2.3970785,1.8648863,-3.0809493,3.245599
-37.962734,5.0895014,6.5669026,-5.3890877,2.6056857,-2.46091,3.624634,-2.6343148,2.8157437,-3.0962896,3.8107255,-2.7154064,2.6871078
-41.183113,7.1040072,6.2269444,-6.8126216,3.0290418,-2.2109137,4.5055766,-2.9609864,3.6936085,-2.2603002,4.402912,-3.2130108,2.2790675
-42.692425,6.143784,6.0234303,-6.4041057,2.5358489,-3.2111058,6.2204576,-3.2087107,2.3810096,-2.2556336,2.7119477,-4.383966,2.4581747
-42.873535,4.855753,5.68002,-7.706342,2.764948,-3.9636052,4.3266597,-1.2333573,1.7685161,-1.621947,4.1075935,-3.6587453,1.5085982
-44.27783,4.182732,4.901235,-4.544095,4.047145,-1.8156991,5.87645,-1.5262648,3.716736,-3.335078,4.1363697,-1.3465965,4.476323
-44.27244,5.409635,6.293407,-6.638804,3.148054,-2.9586596,4.087817,-2.0796025,3.0206044,-3.4954367,2.6951175,-2.2173412,4.3194175
-43.201786,5.5794473,7.2535768,-4.893105,5.503891,-3.6553206,4.6638327,-2.7347689,3.0597816,-2.8574696,2.1090512,-1.5259938,2.761916
-45.461094,3.9706542,4.2396526,-6.208352,4.684547,-5.860737,3.2318966,-2.7629046,1.8978182,-3.2744675,2.238761,-2.0299754,4.5970235
-42.231743,6.200343,5.493903,-5.5868473,6.8099074,-1.8133097,3.9318938,-2.9673495,3.1852782,-3.0368457,2.9708176,-3.3209689,1.9713912
-46.674477,5.2447524,6.432263,-7.1013627,4.308785,-4.2832675,3.8722444,-1.8936148,3.142252,-2.8201964,3.5947566,-2.1690679,2.7300994
-45.822433,5.4883966,5.744443,-6.251563,2.0139472,-4.5802913,3.7832148,-3.0971272,3.3515491,-0.673816,2.5348165,-1.6737819,4.3962345
-47.620033,3.652839,5.753486,-5.0666404,4.460795,-3.7261443,5.096676,-1.3356683,2.8635361,-1.8739141,4.383017,-1.1611607,4.6289673
-45.367996,3.6922965,4.964662,-5.672158,4.743324,-4.2280865,2.928852,-3.984054,3.955418,-0.17366226,3.5019312,-2.1544816,4.8394704
-43.454025,7.3768888,6.089286,-5.6705217,3.85237,-2.5727582,5.558601,-1.934399,1.5735947,-1.4757012,4.446078,-3.8879158,3.04202
-43.55458,6.0111003,6.788592,-4.734949,4.264955,-3.3553283,4.2157226,-1.7034689,1.7602136,-2.8835745,3.6228375,-2.491244,2.532378
-44.874294,3.7361486,4.638027,-5.5608163,4.072646,-3.527764,3.047493,-3.9214206,2.694178,-1.7200981,2.6154096,-2.967061,4.366738
-42.86621,5.3516364,6.236013,-4.839236,3.9946244,-5.649304,3.5681317,-3.770264,1.5518636,-1.6142727,3.5710998,-3.172277,3.392443
-43.949326,3.287749,3.328367,-6.02895,4.494947,-4.2606378,3.2964208,-4.1753187,3.5879066,-2.5584135,2.9100604,-2.5649233,3.6124363
-41.119698,5.3790746,3.4837563,-5.364746,4.7520576,-4.3565154,3.7312644,-3.0134397,3.39031,-2.6086898,2.4638526,-2.4474225,4.849348
-43.588867,4.289287,5.485583,-4.6913457,2.2766452,-4.9590282,4.383907,-1.7442113,3.0196693,-2.2117374,4.204101,-3.3492527,4.383104
-45.107716,3.5947673,4.0139093,-6.513411,4.564442,-3.8415678,6.227824,-1.1967297,2.708597,-2.754078,3.7937953,-3.1020715,3.0360582
-44.103878,5.604066,5.4895635,-5.367241,4.4090743,-5.218148,3.6538544,-2.9569151,3.566722,-2.248764,3.964575,-2.342522,3.3060536
-43.424915,4.5933275,6.6312804,-5.77331,2.5648599,-4.728007,4.297599,-3.421532,2.4041348,-3.1643984,3.3785615,-2.3631837,3.0676787
-42.02252,4.619665,4.4607773,-6.3377104,4.059648,-5.05423,3.5314178,-3.8631516,3.6584632,-2.9557798,2.7028913,-2.1311026,3.6500938
-44.889065,5.6175804,4.200417,-5.8947663,3.2912865,-6.8462033,4.660008,-2.4602056,5.1515083,-2.1272902,3.004395,-2.9238598,3.0987384
-45.647915,4.2625422,5.498034,-6.231734,2.9369953,-5.411871,4.949693,-2.0718415,2.782191,-0.08360947,3.9999459,-1.7376857,3.9084504
-43.809757,4.644425,4.5378995,-4.604976,3.4631813,-4.749374,5.238173,-1.5530115,2.035349,-1.8321022,4.8933163,-1.8183742,4.5813737
-44.447014,3.11526,4.5136147,-6.6625,2.895005,-4.8792095,4.3326654,-2.7939737,4.1827292,-3.7809455,1.8248494,-2.7063527,3.7634544
-45.619484,4.565821,6.780212,-3.2837365,5.689972,-5.4777584,4.581618,-4.873613,1.7205803,-3.133006,2.5454223,-3.4017282,3.8083575
-42.474155,4.6779594,5.255175,-5.8136034,6.5959578,-2.409838,5.8303127,-3.3387444,1.9924031,-3.0951724,3.234141,-1.9376086,2.2770753
-44.46683,3.85522,6.154502,-5.622205,4.9617925,-5.8269525,5.2692833,-1.8870616,1.7257762,-1.9885991,3.6250026,-3.3368301,3.0841348
-45.84317,2.8879025,6.8396106,-5.6027803,3.4596946,-3.5128715,4.719902,-1.9445459,4.1610265,-0.17069145,5.7447457,-2.7716992,4.896856
-45.581238,3.649476,5.357735,-7.627885,2.8762872,-4.6858134,4.9489474,-1.9257677,3.7491162,-1.9822531,3.959127,-2.6112542,3.1551664
-42.945816,3.7623346,4.951572,-7.3795757,5.5564604,-4.088475,5.621227,-2.1157603,1.9469321,-2.0372996,1.967496,-3.048274,3.1764643
-43.55943,6.849347,6.1355543,-5.3030367,4.679154,-5.3704505,5.201284,-2.835561,3.823492,-0.8408923,2.7920895,-3.9651911,3.4025965
-43.310352,5.001634,6.363799,-4.346515,4.6240373,-4.296772,4.5721836,-4.71774,1.8607324,-2.328534,5.220881,-2.4261117,3.4709234
-43.35479,3.7411163,6.2042904,-6.434372,3.856463,-5.487414,4.3340898,-4.6957846,3.233951,-2.237083,3.2126093,-3.272089,2.2651627
-39.80172,3.8160682,4.2774067,-6.1579804,4.6109266,-4.235777,4.4716244,-3.7971208,3.1255696,-1.4067698,5.1352544,-2.5823429,3.6107178
-42.36582,3.6376927,4.2542024,-6.6906075,4.8290334,-4.780148,2.291418,-4.7777104,4.53134,-0.33800164,4.3626165,-2.7019467,3.6737142
-39.16211,4.7406335,6.242009,-5.3495893,3.4206822,-4.935562,3.8674405,-4.3455787,1.5814613,-1.6255056,5.036432,-2.1862059,3.4410644
-37.688515,4.178233,5.792499,-4.315176,2.5493643,-3.5382304,4.4298873,-2.9307344,2.239694,-2.736354,3.7633882,-3.6981063,4.418044
-35.963203,4.946764,5.5010033,-3.1575935,3.60822,-3.9682527,3.0995345,-4.606104,1.9042764,-2.1466162,3.3021193,-2.791332,4.4547935
-39.73655,2.1820755,3.8211036,-5.578396,3.3451805,-4.44224,1.6860349,-4.5823827,1.7318722,-2.6655962,4.728899,-3.0998745,1.7727498
-38.296406,4.6541715,6.754839,-3.0395267,3.191778,-5.0051136,4.323059,-2.5511568,0.46505293,-2.8957977,3.6550763,-2.170107,4.607042
-36.929745,5.3784523,5.290892,-3.503598,4.0644245,-4.2569976,2.5410545,-4.3808665,1.5702348,-5.317587,4.050615,-2.6253119,3.162161
-41.877903,3.8135085,6.291491,-4.216447,3.1389227,-5.524636,0.2783036,-5.842186,1.4938797,-3.375499,2.7618163,-3.1623487,3.7650256
-42.323856,5.0848384,6.0010104,-5.442429,5.3126774,-3.7639203,0.67370933,-6.1356897,-0.09353911,-4.694773,3.7224147,-2.6063442,2.6888723
-40.75312,5.836157,5.262177,-3.8891132,3.1175199,-4.5500565,3.0734453,-5.4126935,1.574849,-3.930546,3.3480434,-3.9619086,2.3891256
-43.76851,5.502107,5.5037208,-4.656137,3.1304944,-3.8059058,5.742852,-3.7570493,1.375292,-4.9067745,5.4642906,-1.7062371,3.6519377
-47.72657,3.442724,6.0930924,-4.7252054,4.033297,-3.6286695,1.8036252,-5.186367,1.961261,-2.3246832,4.9986825,-1.4569361,1.1807002
-42.772903,5.497086,5.2150974,-6.8515043,3.3625438,-4.9326158,3.7719803,-4.5919943,1.5075539,-2.0564084,3.5346577,-2.4301465,2.0068944
-45.907616,5.1538763,5.9591675,-5.7769184,3.6810694,-3.6226735,4.5942254,-2.791554,1.5206802,-3.0040557,2.6607609,-2.734822,3.2553139
-45.324444,6.8628683,7.6617904,-5.496939,3.8674314,-2.1612165,5.977072,-3.6373816,3.008068,-2.0169752,3.4415324,-1.9066691,3.0048733
-46.16411,3.914278,5.9857917,-6.825706,3.2969663,-4.588918,3.0634928,-3.5632768,-0.054928545,-2.6435852,6.0213556,-0.89755017,3.9286277
-45.88977,5.081691,4.7792606,-6.0638566,3.6733544,-4.3916516,2.6031866,-1.8903899,3.1571894,-0.83771366,4.2658777,-2.3642004,3.772009
-43.337467,6.071647,5.244477,-8.047963,4.283718,-4.177095,2.0256438,-3.2334025,3.1371682,-2.2711039,3.8929415,-1.8557981,3.5243547
-45.1481,6.4414773,7.917313,-5.2010193,5.7761226,-2.880938,4.7417316,-2.050463,1.8177549,-0.8505865,4.4321065,-1.6612213,3.602952
-45.334908,5.451499,4.977193,-6.824247,2.9688854,-4.569509,3.8496726,-2.9652746,3.3155324,-0.5699127,4.397602,-1.2272526,3.5047352
-48.49192,3.586166,8.394629,-3.343129,4.5679502,-4.7962832,2.573161,-2.8751798,2.3108988,-3.4485352,2.5918074,-2.8088417,3.1558056
-43.487213,5.6468678,7.6080475,-5.4557137,5.001449,-4.557286,2.0328689,-4.4534583,2.31545,-1.2643036,4.7894044,-1.2765418,2.9538703
-43.827293,6.139717,6.8563614,-5.5586658,4.431466,-4.953578,4.081582,-3.5745215,2.0288916,-3.0394263,4.740925,-1.4300686,2.7946332
-46.169094,4.4512105,7.0425243,-2.9506252,5.576565,-4.316088,3.484275,-2.9123344,2.3128526,-2.2537014,3.9272327,-3.170123,2.923132
-46.997803,4.9559855,6.0888557,-5.3433585,6.553896,-3.3064413,3.9900062,-1.6495723,4.000765,-0.47216514,3.216689,-3.0428495,1.7010652
-45.858334,3.4942842,6.577871,-5.037776,3.2892003,-5.378983,1.4279295,-3.7363703,3.530773,-1.9807811,3.2751772,-2.572448,2.23247
-43.09143,5.211179,6.557505,-4.8128176,6.3636475,-4.319086,3.8807554,-3.1647036,4.784343,-1.108407,3.6402783,-2.0990143,2.4808166
-45.547264,3.4685662,6.49737,-4.195046,7.3142047,-3.012531,2.5288725,-4.4127645,2.5597281,-1.5978786,4.5762753,-1.1324781,3.515692
-45.698822,5.3422055,8.073471,-5.1587977,4.057139,-3.7784069,2.4547658,-1.1603433,4.2388983,-1.7866585,3.8663151,-4.0574136,2.6072788
-47.424217,1.8080302,5.6801033,-4.3999186,4.45355,-5.5335755,3.542036,-3.9032633,1.288838,-2.1434946,1.9988801,-3.4232597,2.287439
-48.78209,3.131941,6.3160815,-6.0553045,3.8521705,-5.567837,3.221252,-3.3673728,2.8047326,-0.11344575,3.422685,-2.5601845,2.9236233
-46.069405,3.3021567,6.0110044,-7.6500406,3.6482859,-4.8076143,3.4640882,-2.5737374,2.3237743,-2.166857,2.1219842,-1.9059714,3.5767448
-43.325054,5.1407237,6.4232087,-5.1344337,5.325241,-3.7281442,2.782685,-3.5606267,2.683981,-0.7630451,3.440915,-2.1470742,2.9302485
-48.352,4.0933886,5.8300185,-7.244303,3.5920818,-5.3246775,1.6952238,-4.449147,1.2738471,-2.1944265,5.162713,-1.1755049,2.3159654
-44.877327,6.413276,8.6576805,-5.9237266,4.3372803,-4.435425,2.6469421,-3.4787762,2.507348,-2.2038653,3.0077128,-2.2339642,2.9459407
-47.08367,2.9065437,2.9616046,-6.8095694,4.3682566,-2.5604193,3.3797765,-4.3976574,2.8282058,-2.1458592,3.3566658,-1.7449309,3.6754925
-47.815166,3.0317147,4.5664463,-7.192023,4.662322,-5.124155,3.7631214,-2.6187108,2.5735295,-0.97528934,4.471544,-1.6530546,2.4443429
-51.82399,2.7337432,4.2361245,-7.0317936,4.647128,-4.992357,2.284906,-3.4657984,2.1829004,-2.1273165,3.8215532,-1.258806,3.169329
-46.208504,4.983652,6.3602185,-7.19472,4.3887763,-4.5691,3.4646728,-3.0879145,4.3935127,-0.4300736,3.3712866,-2.284863,2.6231792
-49.960228,1.367796,3.8157778,-5.2080154,5.7121243,-2.2310073,3.6134536,-4.255083,2.6888502,-2.4058518,2.1282094,-1.9846177,3.1155612
-48.295944,3.6885796,5.0894628,-5.0042124,6.3995285,-3.7017899,2.2215452,-3.9050708,2.7469532,-1.30733,3.5162644,-1.37473,2.3326988
-45.783756,4.9907155,6.105788,-5.047445,3.414282,-5.721347,2.164503,-3.2339766,2.7493517,-0.053940266,6.00775,-0.86188734,3.589336
-44.62998,4.414132,5.751286,-5.575414,5.6233993,-2.7159007,5.036445,-2.8252463,2.5578513,-1.2192779,3.8804946,-2.3737054,3.2169757
-44.887123,3.4420166,7.052137,-6.564224,2.7991588,-3.8891315,5.6391673,-2.281884,2.3506548,-2.0865514,3.3558388,-0.6068126,3.5632954
-42.479313,6.0847692,6.2879176,-7.661873,2.2891042,-3.317273,5.063609,-3.1608784,0.84597975,-1.0051552,5.858315,-2.0382502,2.0755565
-44.18533,4.7742767,5.94712,-6.2777476,2.2031474,-4.449792,4.3858333,-3.2332656,1.7417912,-1.1608722,3.4802003,-2.0562854,2.2584004
-46.778336,5.2253766,4.124373,-7.164774,3.6343348,-4.514443,4.763114,-1.0951991,3.7317207,-0.44376147,2.9665546,-1.5866736,5.042763
-47.61601,5.144903,6.49906,-7.1053743,5.179892,-0.48091865,6.3781166,-1.9884856,1.6085532,-1.3569509,5.449229,-1.1469202,2.8742068
-47.469093,4.3430037,5.0414033,-7.4157434,3.7369347,-4.2541924,4.510254,-2.1785834,1.8797425,-1.4037178,4.658885,-2.233329,3.8050025
-43.285378,6.639806,8.340088,-4.4701567,2.8306448,-4.5784154,4.7402053,-3.1063712,2.2587194,-1.0546124,4.6566596,-2.041487,2.618985
-47.779873,4.3104725,6.29358,-6.396978,4.0767484,-3.2739086,3.9159017,-4.5163593,1.7859613,-1.9918505,3.9448316,-2.0323315,3.4584236
-45.182003,6.198288,5.4239783,-6.888537,3.0932353,-4.8323407,5.103835,-3.5075312,2.5729597,-2.0591204,4.867843,-1.1547446,3.2333615
-43.215042,5.2621675,6.688326,-5.6256866,4.7524586,-3.4526455,4.682275,-3.458613,2.789752,-1.5839728,3.0705614,-2.5755444,1.5582731
-46.494934,5.1115155,5.6862636,-6.7144213,3.1238422,-2.4298723,4.664213,-4.030477,2.389264,-0.3805748,6.8874164,-1.9454021,3.0434196
-44.263527,5.219396,5.226011,-7.7565756,3.6681762,-2.6798086,4.034748,-3.5284643,1.9669853,-3.330045,4.275632,-0.6228442,2.9992774
-44.854454,6.329665,6.0436544,-5.604263,2.9959865,-4.198682,4.0412188,-3.6917262,2.314395,-1.3166801,4.3212676,-1.9065614,3.0063808
-46.264126,3.0260403,7.3907046,-4.131301,4.037562,-5.0597343,2.6197596,-2.960455,2.3953612,-1.1551423,3.9924266,-0.6990956,2.254827
-45.94973,5.6759562,4.6928096,-6.333354,3.582659,-2.559822,4.9258885,-2.420627,2.8120797,-1.8696767,3.9174507,-2.3078022,3.1435997
-48.245155,4.0725355,6.488546,-6.338725,2.5392332,-5.0021114,4.643391,-3.8463295,2.1959279,-0.47922465,5.648928,-1.4852406,1.7853093
-46.677658,4.50051,8.721273,-5.47973,3.6982648,-2.7933002,5.461752,-2.1041157,3.4533074,-0.32071155,3.0421565,-3.9367669,2.6891646
-42.66823,6.667224,4.8083205,-7.88415,4.8742,-3.5582142,3.284572,-2.7981691,2.8253994,-1.0491027,4.3761654,-1.61347,2.8367379
-42.695873,5.1736684,6.636513,-6.355589,4.810013,-2.9441354,4.690138,-2.649995,1.481134,-0.6846997,5.267367,-1.4662347,4.1435766
-44.61179,6.747142,6.695865,-7.023202,3.976026,-6.8805137,3.6658945,-2.7868752,2.0389483,-1.3314769,4.335351,-2.9575157,3.7899354
-43.53643,7.2718787,3.8217227,-8.362427,4.071036,-4.495052,4.0992713,-2.9103897,2.205861,-3.1120584,3.4089339,-2.4725883,3.8172262
-46.418648,5.3215485,5.9812164,-6.377709,5.222604,-3.5712068,3.1200132,-3.3635347,3.2267213,-1.2598283,3.9122858,-0.920659,3.0386624
-48.086452,4.701253,6.840415,-5.336362,5.8535485,-3.1843584,3.597245,-1.7393161,3.9034655,-0.30274686,5.243112,-1.1453778,2.7987015
-48.535576,2.4925625,3.1699207,-6.5893226,3.82625,-5.126865,3.7079315,-1.9081192,2.5736837,-1.6141917,3.6757083,-3.2347205,4.149034
-47.989178,5.236806,4.1906466,-5.540008,3.628915,-6.236875,3.2157261,-3.1048622,3.4781935,-2.7791638,3.5167177,-1.9481142,2.8723795
-47.12403,4.059805,2.292526,-6.8183646,4.823432,-4.294366,2.5398252,-3.3282745,4.3875604,-1.4466228,4.101455,-1.9129539,3.986781
-48.634403,4.7488885,5.1830177,-6.3211393,4.97091,-4.3517404,3.214876,-3.9004772,1.4062123,-2.4764578,3.349984,-3.090895,3.654025
-46.51915,5.621332,7.8165593,-5.1194873,3.4608936,-4.745366,4.141232,-3.3930671,1.8301599,-3.6600444,4.7686315,-1.0427952,2.9756606
-48.597652,4.198722,5.285098,-6.756314,4.9639482,-3.1571858,3.777603,-3.6871164,0.7621874,-1.4439739,5.3675814,-1.4436452,3.2036343
-49.03989,3.1363525,7.107564,-5.6048384,5.9450307,-2.9355147,5.808941,-2.222463,3.9284124,-0.29336601,4.880331,-2.961815,2.0349226
-47.57907,5.3788757,6.285376,-7.9921465,4.7268877,-4.247282,5.830345,0.15836303,3.9826322,-1.7340676,4.215622,-2.2012336,2.076637
-49.776115,2.4599771,6.7718234,-6.1230106,3.8114507,-2.8547947,4.7164345,-1.9489087,4.0768833,0.31865746,5.6182632,-0.95205474,3.3133092
-46.647335,4.33865,4.5223308,-6.561155,3.6575441,-2.7472715,5.718509,-4.486984,4.047481,-0.848873,3.8411994,-3.8058963,2.1990707
-49.23023,4.093941,7.643787,-6.578637,4.323375,-4.9335165,3.7129493,-3.0031278,3.148372,-1.9013528,2.5137503,-3.4946594,2.4584486
-49.88807,2.9918613,3.4724815,-6.3812075,7.076954,-2.3858142,3.3879676,-3.427376,2.8827486,-1.842494,4.0408487,-1.937393,1.8558234
-48.363377,3.6330886,6.6175876,-5.250254,5.636681,-3.1793463,3.8270574,-3.4971118,2.860113,-2.9528399,4.20205,-2.5812128,1.9151864
-46.004856,4.6083956,6.1643624,-6.569675,4.3038726,-4.955435,3.2738361,-3.407037,3.802362,-1.797298,4.266324,-2.222459,3.7040823
-44.28224,4.891225,5.1539783,-7.817272,4.955203,-4.066487,4.8176565,-2.279333,3.6007378,-0.21213107,5.3598905,-2.2957027,3.0737011
-44.877487,4.3180714,4.214793,-6.5762267,5.572999,-2.7875123,4.3161736,-3.7143202,3.771307,-1.3827026,3.0007794,-2.636077,3.2879493
-43.886658,6.770592,5.6095405,-7.8626285,5.3392053,-3.5940435,3.9713163,-1.5290926,4.777085,-2.1863613,3.4212608,-3.134001,3.1618848
-42.236458,5.230687,6.427925,-5.7280993,4.6743035,-2.6018586,3.434151,-2.721238,1.8650688,-1.3215886,4.4989767,-3.2145185,2.3768454
-43.73974,2.5580375,5.3714037,-4.2452345,3.487207,-3.5222986,5.3517966,-1.4354924,4.158294,0.38295552,3.7947326,-3.063876,2.044985
-44.377136,3.1050086,4.863689,-5.326324,3.9092305,-4.220971,3.3966742,-4.010651,2.8760548,-1.5332624,3.3036816,-2.9058883,2.570479
-41.8646,3.8906538,3.1465566,-3.2220516,3.5428133,-3.3681207,3.6754837,-2.234944,2.9844053,-0.74993324,5.5778785,-4.29635,2.8484898
-45.884033,3.7081635,4.633728,-3.4537323,5.819659,-3.3134537,3.5883923,-5.304449,2.256446,-1.3098992,3.3024483,-1.5403286,3.6573195
-45.16304,3.751879,6.8909183,-4.201979,2.9069662,-3.1864402,5.345886,-3.3383222,3.0575047,-0.8401255,4.106034,-3.2865167,3.1771767
-46.985455,2.6234522,4.4693494,-4.8613334,4.9621425,-4.31293,4.301165,-2.52809,5.51489,-0.1806131,2.5916219,-2.987042,1.1157978
-42.453312,4.3152447,5.946084,-5.9272876,4.4785023,-4.815424,0.88920397,-5.280509,2.7404046,-1.70357,3.1285038,-3.2028437,2.6846023
-44.649612,2.8312073,4.523722,-4.8219566,4.1606555,-6.125467,2.416232,-4.3474784,2.706602,-0.41754106,3.7600632,-3.3177717,3.274666
-45.667686,3.828382,5.594485,-3.087244,6.0158706,-5.8153276,2.7710962,-3.5732868,3.4298136,0.43201295,4.578993,-2.9616802,3.5604138
-45.629677,4.2237806,5.482821,-4.0226784,4.109117,-3.470011,2.7203274,-3.8324947,3.694312,-1.8313342,4.5450797,-2.1963902,3.5911334
-48.29283,1.0943675,3.937916,-3.524416,4.266966,-2.5100155,5.210947,-2.3889024,4.0781,-0.8869848,3.8033748,-3.6560266,0.5619691
-48.15092,2.9347847,5.375862,-5.2123876,5.0011196,-2.417865,5.0176,-2.7514718,4.5205674,0.4535654,5.0329866,-2.0018106,4.0135965
-43.108353,7.469746,5.0289145,-4.1212263,6.1421056,-2.6931934,4.436292,-5.5490828,2.9527168,-2.8834615,2.6460724,-2.773754,4.318605
-43.954185,6.7922854,6.731459,-2.832189,3.494339,-2.846088,4.584279,-4.4457474,2.591442,-2.1865034,4.5398903,-2.9583547,4.791472
-42.303585,5.271246,4.9716625,-6.2445183,4.1920834,-3.4093912,1.6988473,-3.880283,3.3407333,-0.5478038,4.4396086,-2.5649388,2.7740738
-42.724655,4.4969716,4.490906,-4.7866554,3.1842132,-4.285163,4.4659796,-2.4754424,3.9686296,-1.2044904,4.455849,-2.5499728,3.2637172
-44.100616,4.439776,6.577959,-5.5753965,5.4627666,-2.229213,6.2394023,-3.517006,2.8238556,-1.7995346,3.1973708,-2.8543992,1.6984415
-44.869034,4.693601,6.171102,-6.2848935,3.0397644,-3.2676852,3.6737564,-4.5366516,3.3509924,-1.2876308,5.3640156,-0.6663195,3.8338013
-46.958385,3.8256884,4.1636634,-4.900273,3.0385756,-6.449056,1.4509834,-5.5731673,2.4861953,-2.2986042,4.0072756,-2.3458676,3.0550852
-43.941658,4.147976,4.3120046,-4.216051,5.0685377,-4.307484,2.0164258,-4.4014845,4.021961,-1.5163765,4.549536,-2.9871678,2.4833593
-43.64221,5.8607354,4.1372466,-7.995858,3.4663837,-4.7837543,3.2004087,-4.5651937,2.3761373,0.46411338,5.64688,-2.5095446,2.6564076
-46.727585,2.5724654,3.212351,-6.042645,2.9699888,-3.8058822,3.57848,-3.3006642,2.7847624,-1.2675138,4.5120964,-4.2386703,2.063872
-44.964283,3.0634072,4.763429,-2.1301801,4.8779783,-4.193656,4.6295547,-1.4371433,3.8330147,-1.1280401,3.455057,-3.9159918,2.0411625
-44.80657,3.5940917,4.197446,-7.453113,1.9534054,-6.2092657,3.4223585,-3.5663223,0.8971265,-1.5466835,3.8064814,-2.8196883,4.1471024
-42.106422,3.7116177,6.031721,-3.7269313,4.087865,-4.1677957,3.1574128,-3.7289405,2.1049228,-1.73682,6.2197013,-1.7939122,3.050962
-41.385265,2.4497342,8.189305,-4.5585537,3.1915085,-5.8381863,2.372186,-1.1002997,2.2619836,-3.1722438,2.1589835,-3.7433875,3.0440543
-44.065765,0.44880086,3.863997,-5.0138555,6.096487,-1.0118555,5.5845675,-2.9077437,1.7969385,-1.3762507,3.4311845,-2.1221585,2.9365962
-44.9924,2.6251473,6.2423506,-5.2794085,4.534599,-2.8075788,2.8033016,-2.4652894,2.4456859,-0.9046386,3.6816013,-2.9163585,2.3656557
-44.004,2.5315108,7.282796,-5.9080253,3.5762296,-3.6975398,2.4574857,-0.98127896,3.5669131,-2.8105645,2.8012607,-2.681593,2.400449
-43.01266,2.1928596,5.0409694,-5.9649754,4.407813,-4.075562,3.3188763,-4.342056,1.8004282,-1.2834626,3.6509492,-2.5583138,2.7486184
-46.689552,2.700455,4.3714175,-7.1816425,5.3484187,-4.5010943,2.266567,-3.5757742,3.7536893,-0.9790034,2.751125,-1.5847607,3.5508225
-45.75863,4.408387,3.6624548,-6.3130794,5.4601903,-3.9303982,5.350004,-2.2663684,4.3591437,0.38127473,4.528871,-2.654767,3.594892
-48.056335,4.264235,6.038111,-5.2797217,4.9846287,-4.8520246,5.386314,-0.87937444,3.571708,0.22427137,3.760227,-2.8910475,3.276504
-45.401493,5.4351983,5.0518384,-5.3118234,4.407008,-5.07486,5.708781,-2.6864722,2.0986164,-1.6946,4.272673,-2.5048862,2.9321284
-45.6787,4.7743497,5.546389,-4.373657,4.831823,-3.7766252,3.4884846,-4.204156,3.5428855,-1.5337005,4.7658157,-2.7710555,3.7434957
-41.33797,6.7767587,7.6107945,-4.2930264,4.1387157,-5.5033393,4.4290056,-3.3016105,2.7119732,-2.3096697,4.0333676,-2.4272332,3.4480674
-42.196938,5.114566,4.295802,-7.19602,3.6169007,-4.765904,5.1719685,-0.78062695,3.1040876,-1.9811323,3.60105,-1.865205,4.5488834
-43.050117,5.088847,6.8047366,-6.214721,3.859895,-5.418517,3.7898362,-2.5470805,0.83485246,-0.8647866,4.0807652,-2.537405,1.9320309
-46.158924,4.135302,5.731799,-8.350637,1.4630271,-7.1909595,0.5204528,-3.4189782,2.3219025,-0.5624684,4.9887185,-3.2781978,3.856098
-43.373344,4.0410533,3.8932052,-7.564847,2.0503347,-6.20857,2.9257264,-2.411132,3.279918,-0.7262384,5.3990235,0.13340938,4.822208
-41.061127,6.3236446,6.252344,-6.648376,4.2736454,-6.1041303,3.2171545,-2.9641416,2.963103,0.07000616,4.0675397,-2.7134414,2.6651886
-45.56099,6.5603848,7.8501024,-6.529869,2.989861,-6.732447,5.3230824,-1.7180032,2.0796149,-0.6753359,4.8142624,-1.1819297,3.6433144
-41.44204,3.441835,3.88844,-5.9456444,2.5793986,-6.9567885,3.2314546,-3.0751104,1.1006527,-1.3177863,5.224304,-2.0470133,2.4066522
-41.017178,1.7833005,3.0715103,-4.2682548,4.993786,-5.7542534,3.2666216,-2.8616197,3.1878219,-0.5757536,4.414802,-1.9313103,4.5157647
-38.507748,4.108759,4.7093763,-2.7712376,4.5530405,-3.5548725,3.290633,-4.3932714,3.3747852,-0.75512636,5.222221,-3.5998623,2.3795319
-41.857967,1.3306626,2.9310393,-2.9999595,4.1750455,-5.1207438,4.2906075,-3.4557128,1.7606815,-1.1977863,4.0516996,-2.855385,3.649692
-42.98931,6.198979,5.480795,-5.512666,4.3158746,-5.1002126,5.5973577,-1.3576221,1.0751082,-1.8933465,4.3603144,-3.4359488,3.773148
-44.970306,4.2389355,5.4810305,-3.292134,4.2907834,-5.304075,4.3949575,-2.8526738,2.0213175,-1.2386552,3.4083467,-3.1121702,2.5232282
-45.359882,4.327385,4.9609857,-3.598134,5.618158,-3.9095683,3.222983,-3.7917168,4.169429,-0.944604,4.998722,-2.0802586,2.8653529
-46.336224,4.235608,4.9914637,-3.0403864,2.892104,-4.474883,3.1788516,-2.4670823,4.2429805,-2.6943178,2.8422527,-3.6275392,3.5767422
-47.396767,3.5372345,4.130493,-6.2516985,3.0064697,-2.4294243,3.6689572,-2.6645367,3.94189,-1.516418,2.8465939,-2.7179253,4.7258644
-46.66029,4.3762264,5.466514,-5.7979617,3.8490102,-5.100358,3.4750204,-3.7211673,1.184521,-0.92462677,5.148931,-2.1393015,5.0495553
-47.604244,2.5948896,4.8567743,-6.1073003,4.8197966,-4.6367984,3.4974287,-1.8338071,1.4899039,-3.3881478,3.8804033,0.2269476,3.7363515
-44.586536,4.5130405,4.341998,-6.7721577,5.2175307,-3.5754735,3.3148546,-4.448517,2.0654516,-1.5535915,2.3031356,-5.206779,2.7996228
-47.40822,4.44523,6.195727,-6.5947013,4.803966,-4.5970497,4.149992,-4.1385875,1.052985,-1.238739,2.7854867,-2.944064,2.5582557
-46.434635,4.6663017,7.1384606,-7.0948896,3.8090003,-3.3659277,4.5609016,-2.4061682,2.857912,-0.8471301,2.9027925,-2.1144135,3.236661
-43.48226,4.190505,4.485181,-5.7279677,5.6729984,-4.947522,4.3143325,-2.1013973,3.0156908,-1.0283936,4.329836,-2.0229676,2.8350334
-45.206715,2.4767675,5.3658185,-7.1819644,4.332361,-5.1555,3.525517,-1.4078342,2.1917322,-1.3544776,4.002091,-2.483517,2.6733274
-42.63987,6.318385,5.3183103,-6.132975,5.7016797,-3.4279213,4.74604,-2.5517707,3.1169624,-2.2665071,3.9620202,-1.7623237,3.1856408
-42.97181,5.785314,6.1776857,-3.6289034,5.767933,-2.6806421,3.7567804,-4.756469,4.2697706,-1.0646429,3.2582939,-2.0226905,2.1799798
-44.414143,6.252862,5.5655184,-7.211277,5.2832737,-1.3794062,5.086596,-2.7359438,2.396702,-2.5135043,3.693971,-1.9240873,2.939672
-44.836906,3.658265,4.784402,-5.663496,6.8400493,-4.7180424,3.220659,-3.3417583,1.9680475,-0.8274935,4.9549456,-1.6162046,2.2291675
-41.9494,7.2294054,7.617206,-6.4041696,5.1383934,-4.079949,4.587142,-3.265884,1.8741053,-2.2115734,4.3937206,-1.396621,2.8391669
-44.386497,4.5477614,4.958897,-6.279781,4.4342813,-3.3653717,5.2039504,-1.8593835,2.6975217,-3.3778052,3.4980974,-3.2337525,3.7327545
-42.818356,3.0724611,4.84075,-5.678664,1.7464586,-4.374955,3.7696898,-4.1045914,3.1611547,-1.8386579,2.145355,-4.4432416,3.1850576
-41.144993,5.024614,3.0272717,-3.4585912,3.7289684,-4.749001,2.8453388,-3.9037142,3.7666435,-1.5327073,4.531005,-2.709158,5.1440353
-42.6273,3.2403193,4.9785004,-1.4055316,4.2226357,-6.9500155,3.951293,-3.4519308,3.398667,0.97321564,4.9938593,-1.9183918,2.4587939
-43.136227,4.169724,4.179808,-5.947303,2.6517086,-5.5690312,4.385149,-2.3926475,4.1847506,-0.64308053,3.602136,-1.7623315,3.6829422
-40.51398,5.943165,4.6028047,-3.5462205,3.113133,-5.4690046,5.2152214,-3.645432,3.6680036,-1.5372037,5.1234097,-2.6933513,3.662144
-42.161125,4.7258706,5.52456,-3.125596,5.4587984,-4.078401,4.055581,-2.953489,3.6761825,-1.6676801,2.5832634,-2.4839747,2.5545745
-43.482933,3.756691,5.7521925,-3.8021092,4.070841,-5.033846,4.9913297,-1.0988773,2.0646713,-2.500151,1.9298998,-3.356782,2.150663
-44.3809,3.5849533,6.0247793,-2.6702294,3.5144873,-6.0646286,3.5174954,-3.0479643,2.2813694,-0.34563017,5.1101785,-3.2200913,2.6204526
-42.501648,4.446559,7.257952,-4.3127565,4.223096,-5.163,3.5092533,-1.9883852,2.924647,-1.8004842,3.1421337,-1.759195,1.6065663
-41.87657,5.4182434,4.2373056,-5.747412,4.7297564,-6.1048822,4.334071,-2.8034737,3.0978978,-1.0085503,2.0936155,-2.3303416,2.047803
-43.62529,4.615566,6.0698137,-4.558328,7.153679,-1.9205551,5.0861845,-1.4737571,3.3676627,-2.0221245,2.5075712,-2.8154304,2.1263947
-43.799725,5.568833,6.617641,-5.8855405,4.948512,-4.0836544,5.749282,-1.7682292,3.031079,-1.1366026,3.9542863,-2.1909323,2.8385422
-43.86959,4.8517494,5.671277,-3.5710273,3.2592204,-6.6258464,4.662368,-2.0208936,3.680554,-1.2619668,3.9816263,-1.8536984,3.8486583
-40.74318,5.5936966,5.9303,-6.173842,5.2542872,-3.7288344,2.628503,-0.6761798,4.7554064,-2.1358209,3.2058806,-2.365972,3.8335173
-41.56187,6.1678867,4.7478275,-7.4839954,4.8954186,-4.0475273,4.958014,-2.4697528,3.9829538,0.5298364,5.1926208,-2.76918,3.086323
-42.13197,5.804179,4.850548,-5.8414145,5.9519043,-2.8352487,4.7888684,-2.3205822,4.3782315,-0.41361463,6.07653,-1.6122184,4.651576
-41.18651,3.959491,5.2552,-6.5205817,4.6833673,-4.7197423,4.340462,-1.6919386,3.4086885,-0.5088263,3.2725353,-2.0218465,3.1807034
-41.408325,6.008993,5.3149824,-6.964777,6.2463417,-4.2042446,2.8291738,-0.6891802,4.371335,-0.6481068,3.6328053,-2.151704,3.3605416
-40.542866,6.1762967,4.4613833,-6.792049,3.7635546,-4.8693914,2.7944443,-2.475352,3.3045769,-3.8621135,2.9277725,-2.145752,3.7379224
-39.97986,4.6336155,4.6719418,-5.373805,6.087758,-2.5895488,3.3197508,-3.3516607,1.7976779,-2.4328768,2.1454275,-2.0803576,3.277431
-41.882282,5.2514687,5.3866506,-4.25601,6.3043313,-3.1658483,4.9423842,-0.7470482,4.146088,-0.8209173,2.7953222,-4.2552896,2.0834157
-38.822662,4.51048,3.874166,-4.427557,5.5473676,-3.9208553,3.2859097,-2.4739656,3.7607977,-2.0151145,3.1378992,-3.4159493,2.2733884
-39.997185,5.5186715,4.364461,-5.15862,4.4532824,-2.265877,4.9876256,-1.7628766,5.811696,-2.1836238,3.0125577,-1.9167488,3.0671215
-44.400703,2.010932,3.1519322,-5.8853393,6.2178683,-2.7156377,4.1680255,-2.893124,3.3737411,-0.76016146,4.163969,-1.1853657,3.3253763
-41.9221,3.5667229,3.726277,-3.7232857,6.5233536,-3.274492,5.6880345,-1.1403571,4.700868,-1.992719,2.0835118,-2.6105292,3.3555846
-43.079815,4.713151,3.2342827,-4.55539,5.3824105,-3.0740645,4.3038077,-3.6959674,4.4831395,0.48364565,2.5721018,-5.0881076,2.5158203
-44.575783,5.7005296,4.062672,-5.251734,5.1958404,-3.641226,4.4384894,-3.7007775,3.3719459,-1.0561726,2.714186,-3.448682,3.3109105
-43.855377,7.7709465,5.9757433,-5.804834,5.378654,-3.4244854,4.487728,-3.4302232,2.6906173,-2.244451,2.404251,-3.657382,3.4544678
-45.9517,2.949137,3.7203815,-7.0097275,4.2315693,-3.4412243,3.3435125,-2.8733742,3.0477784,-1.732593,4.249151,-3.348436,2.5923433
-41.987904,3.823672,6.108711,-2.8636816,4.663831,-3.7580462,4.5267563,-2.8494158,3.5205119,-1.2785478,3.2778754,-2.1594238,2.6393995
-41.61784,3.6928074,4.721751,-2.6994693,5.0701823,-3.615019,3.3979042,-3.2041893,3.3655355,-2.6854472,3.973282,-1.525054,2.8312042
-43.796154,4.235875,3.783949,-3.3489861,5.8592405,-2.4456031,3.711713,-3.0367548,2.2603095,-3.0576348,3.8691156,-2.3598418,3.8850653
-41.448147,3.4310632,2.6630886,-4.7328405,4.396226,-4.4865046,4.075967,-1.9808627,2.8774261,-1.6602794,2.4655662,-2.4693804,3.9825492
-40.996155,4.631565,5.1097484,-4.29182,4.432961,-4.3421025,3.7882242,-2.218405,3.9927685,-2.1292639,3.1609354,-2.9353635,3.294557
-39.852722,4.9581556,5.4074674,-4.6473794,5.319533,-4.3890967,3.2687223,-1.7181551,4.36716,-0.4548263,3.051359,-4.0003533,3.4582462
-43.03582,4.6507154,6.0408974,-2.8588786,5.279676,-3.5709174,2.7883184,-3.3938181,4.179847,-1.3760171,3.7679586,-2.4807482,4.633846
-42.471725,3.7348819,3.8704703,-6.2733955,2.5759335,-5.5157475,2.0888627,-1.4189024,3.7640245,-0.86881506,4.678027,-2.4635046,3.1406255
-41.691,6.3021026,3.3874328,-6.974597,5.6304946,-4.118973,3.8462055,-2.0190084,1.7617508,-2.2863634,3.1445441,-3.36822,4.796141
-40.98884,4.3633494,4.471746,-4.8532653,4.7484565,-3.59825,4.293572,-3.1859112,2.4432003,-2.3249195,1.920551,-2.2925973,4.997383
-39.119175,6.7907515,6.731669,-4.2308292,5.3737783,-3.2295606,4.82794,-2.8478165,4.0339217,-0.54949784,2.3143713,-3.0858088,2.5580153
-36.400406,5.538927,3.9573963,-5.7047515,3.4037654,-6.5471764,3.7657294,-4.873044,1.0617253,-1.5558696,2.4803078,-3.55466,2.7831907
-37.00151,5.4417367,4.948466,-3.4330733,5.4986763,-5.896762,3.7082126,-2.7894287,2.423268,-0.8408618,3.3849647,-3.858306,2.945846
-36.278923,3.7530375,4.241338,-1.37258,5.4155993,-4.5720534,3.4579136,-3.7132378,2.5143883,-0.23935175,4.1570706,-3.343012,3.2997532
-33.865276,3.0408192,2.8774009,-3.5786977,3.9598253,-4.670519,4.559977,-4.194132,2.0544627,-1.0947714,2.059243,-4.6174903,2.5215254
-39.43504,4.102625,4.501553,-2.3516533,5.2010064,-5.695377,3.3228652,-4.8935313,2.2298727,-1.1246473,4.2926416,-3.261428,2.6273742
-36.13558,4.080975,5.050118,-3.142577,4.7982116,-2.5199823,5.1084566,-3.5937366,3.075993,-0.7434592,3.168179,-3.8629184,2.8803415
-37.753944,2.9301136,3.7525563,-5.2097955,2.7464488,-6.5590367,3.092144,-3.8029964,3.2330697,1.5586061,2.879015,-3.2073402,3.6089814
-39.835865,5.254909,5.7194314,-2.10651,5.4468355,-5.8759217,2.4976215,-3.2280564,2.626497,-0.51210135,3.8428717,-1.7139509,4.2714257
-39.485226,6.076133,4.4897833,-5.669587,3.5615084,-5.076256,3.3860161,-3.27511,2.2790136,-2.0559635,3.8415582,-3.2868154,3.002156
-38.091072,5.7246227,4.454188,-6.570531,4.092188,-4.066529,5.055173,-1.4320735,1.9578192,-2.5255156,2.9913452,-2.60671,2.4900248
-41.69985,3.3601542,4.6843176,-3.8638892,5.041347,-3.611562,4.9930353,-1.091938,3.377245,-1.5932688,2.504952,-4.5729823,0.96371275
-41.21911,3.7557738,4.5565248,-6.538968,4.2860937,-2.617684,4.1929073,-3.2113476,4.265672,-1.3339933,3.2689106,-3.6046438,0.6188566
-40.99549,4.6233687,4.4564204,-3.7379003,6.983935,-2.6141715,4.2215295,-3.2064948,2.1371462,-2.9565275,2.6814058,-3.1770694,3.722638
-41.17607,5.5716095,5.613989,-6.2245884,5.486428,-5.00567,4.4349856,-0.62835824,2.6195343,-2.7891402,4.003631,-2.7972484,1.9831743
-41.753166,6.133593,6.1801295,-4.0233793,4.887984,-5.381123,5.1635103,-1.5057615,2.3282502,-2.092165,3.0740929,-3.935231,1.8723296
-42.167168,6.5939913,6.3541536,-4.1124415,4.8794866,-5.979919,3.3603797,-2.1089382,3.2080574,-1.6753438,3.7767684,-4.955328,1.1038209
-43.002388,6.840963,5.822513,-6.3546624,5.1237984,-4.7218456,4.696271,-1.4785526,5.6797247,-2.2073224,3.2552054,-0.8190797,3.804805
-42.036243,7.395131,4.692296,-5.682766,5.8361278,-5.0798063,3.6876163,-3.4861264,2.6504197,-1.8796327,3.9810705,-2.467853,4.116648
-41.974472,6.773939,7.328716,-3.4304762,5.2039504,-4.939722,5.610353,-0.32878256,4.8035355,-1.5488186,2.0887332,-1.4634167,3.0483634
-42.62112,6.309761,7.2608113,-3.8428848,6.9991746,-4.33075,3.6896205,-3.5525846,2.185974,-0.7723166,2.527229,-3.6598723,3.6317315
-41.716675,7.1809864,6.952295,-3.8467283,5.207814,-5.209203,2.9146168,-2.4580169,4.72361,-0.7759757,5.7265234,-1.9831295,1.7763128
-44.272194,5.0818987,4.3647895,-6.068692,4.636696,-4.7510777,5.456309,-0.562731,4.5335073,-1.832595,3.1963103,-2.8399465,2.678483
-39.92156,6.7735114,6.4853396,-5.594224,3.67846,-5.5713325,3.9768424,-3.3886693,1.7467916,-2.7819338,2.0740585,-2.3677933,2.5374293
-42.82948,4.8999257,3.7515042,-5.9109983,3.7348614,-4.107221,4.5472536,-3.7636244,2.486631,-1.2819304,4.34467,-1.4066715,2.2289264
-38.317924,6.740835,4.0060983,-6.0198574,2.5168731,-4.838234,5.713242,-2.6632419,2.7433066,-1.6631508,3.9106586,-2.7354987,3.3444943
-41.582825,4.6285105,5.4013476,-2.5071127,3.5992892,-5.739621,4.379058,-3.0744443,2.6159492,-2.1018167,1.5286705,-2.6257062,3.6666918
-43.381474,4.5047565,4.050641,-4.691276,5.133861,-2.9006634,5.241801,-2.7349942,3.4865382,-2.5660133,1.863063,-3.0912101,3.7341497
-44.28801,4.5166416,4.3969607,-5.9627104,4.888569,-4.462587,4.2512627,-3.4637215,3.6173642,-0.08093706,3.3641994,-1.6177005,3.27887
-45.00992,5.398259,5.0816774,-5.3221545,5.8400493,-2.7013705,5.754433,-2.63101,3.7684853,-2.3104749,1.4498553,-3.5892303,3.1210897
-43.96624,7.2868433,7.503521,-5.7482305,2.868351,-4.8532534,3.3332872,-2.5752895,2.1183772,-2.7373745,3.353861,-3.0801744,3.1262443
-43.311443,7.1958427,6.2461658,-4.697048,4.147871,-4.6310997,2.9605916,-1.2625563,4.275089,-1.19329,5.4069386,-2.509616,2.428999
-45.30007,4.150537,5.97977,-3.4912148,4.8406086,-4.9654007,3.4971626,-2.6550455,3.1622627,-1.5131344,3.6926572,-2.7479317,1.9624717
-43.845684,5.7826614,6.3920364,-6.689482,4.2301135,-1.1609317,4.797586,-3.353331,3.0820985,-1.7510959,4.806264,-1.12903,3.2801924
-45.153168,5.640968,6.150639,-4.701716,6.0339546,-1.7236739,4.441593,-1.9862957,3.8255298,-1.5494113,3.0095556,-3.0176737,2.3394637
-45.89637,4.217107,3.9243875,-6.2411118,2.576494,-2.6948006,5.11543,-2.0266829,4.253984,-0.4020719,4.6890535,-1.7915326,2.6820543
-42.056103,5.6097527,6.575482,-4.0907125,3.9927433,-4.6635394,4.393125,-3.8231966,3.162267,-1.0978106,3.212329,-2.4983103,3.4720984
-41.620415,7.1729903,9.087018,-4.028805,4.32563,-4.012605,6.066824,-0.9562839,1.8646694,-3.2972057,3.4938293,-2.4013336,2.9287372
-43.129578,4.022303,4.2193203,-8.1341,3.4557087,-5.559764,3.5829742,-2.0636797,4.09778,-0.68022835,1.5261749,-1.6949805,4.1799755
-46.33677,4.190016,4.5472903,-8.075262,3.5241063,-4.885692,3.2332668,-3.50917,3.6467302,-0.9104091,3.7438695,-1.2054689,3.4042256
-44.952103,6.6975174,7.8552237,-4.7966676,5.8805056,-3.4448118,3.667349,-4.1490073,1.2174166,-2.4344883,3.210822,-3.0121455,2.5603194
-46.592216,4.2433286,5.6035585,-7.1004586,4.606506,-3.8794796,4.010387,-3.7501657,1.8800579,-0.07682173,4.165096,-2.1389275,4.0482216
-45.404617,6.136165,4.384824,-5.6748986,3.1654363,-4.6722164,2.207032,-3.354599,2.646935,-2.5092697,3.3786001,-2.5817668,3.8048677
-47.79957,3.2915397,4.906671,-5.137687,3.1521144,-5.084212,2.8672695,-2.9147034,1.5249038,-2.0458498,4.4402328,-1.911474,3.9319282
-44.587303,5.4417734,4.6705146,-7.2044044,4.8491635,-4.1739597,3.6047463,-3.660615,3.0810006,-1.6264442,2.5022988,-1.7323071,3.9295032
-41.947506,7.279869,4.5095363,-6.8023496,3.7168095,-4.75318,4.4551587,-3.2413974,2.1597674,-1.3809028,5.1068506,-0.96688473,4.340152
-39.924232,5.695697,3.3049579,-6.066391,4.6272297,-5.0334673,2.8875682,-2.858678,4.0675573,0.17937003,4.2669115,-3.7975423,2.3212712
-40.335163,5.4851875,5.8181734,-4.5006294,4.7591257,-4.7017922,2.4281473,-4.526045,1.8232985,-1.0965507,3.9565883,-1.7855167,3.0777829
-40.303146,7.6024647,5.9997187,-6.6548505,5.381248,-3.3166375,5.190037,-0.8107538,3.1129615,-0.9512011,4.5629544,-3.0235124,2.4920611
-41.168255,5.8553004,4.964912,-6.078245,4.313352,-3.2950807,4.043763,-1.2547151,2.6765447,-1.6553358,2.8272364,-3.9657283,1.9164011
-42.996277,4.0884213,4.972434,-7.549387,5.3865776,-3.671962,3.9250638,-3.064127,2.1067526,-0.74390113,2.6347034,-3.3676786,1.9812192
-49.37409,2.9646063,3.5738657,-7.57854,4.127386,-4.638414,3.1429048,-0.62715745,3.042585,-1.0801587,3.928569,-2.373526,3.4831154
-48.152,4.7701116,3.2839582,-7.381479,4.662955,-4.3923798,1.6858538,-4.2756515,2.1661294,-2.4257646,4.999972,-2.7316601,2.7007
-44.458492,3.565612,3.9481547,-3.6948926,6.042793,-2.8848124,2.0661101,-2.7626002,4.287108,-2.528509,3.98553,-4.958225,0.62876916
-47.152924,3.0212936,4.444377,-5.9587874,3.478665,-5.379187,2.5006492,-1.6548367,3.8561525,-1.9462389,4.158056,-2.8681245,2.1518729
-46.904007,4.201239,2.8410227,-8.608582,3.2873082,-5.309181,4.0088305,-2.2947996,4.981781,-0.7844421,2.597,-3.2768357,2.314607
-44.938084,4.8156466,4.0066524,-7.858308,4.7101617,-4.722347,3.394619,-2.8539815,5.051332,-0.2681815,3.3198254,-1.9372236,1.7872883
-43.782627,6.3528256,6.280554,-5.7863045,5.0378165,-4.330211,4.3106394,-2.6487582,2.7437487,-1.8570341,3.3048916,-1.8989497,2.7475958
-42.490807,6.740575,7.00282,-6.3117375,3.309348,-6.5167174,4.115174,-1.6488819,3.101359,-1.2684214,3.9461002,-2.6530607,1.886532
-42.613693,6.5622516,5.191057,-8.255188,3.709832,-4.3447633,4.650348,-2.2118804,5.064124,-1.3109843,5.259597,-0.72379047,2.3204398
-45.573483,4.4947395,3.0670376,-9.053448,2.7830362,-5.3749065,1.868024,-3.852233,4.56861,-0.84658384,3.8944411,-3.2586513,2.6972373
-45.61298,3.6252182,4.70474,-5.522612,3.695273,-4.474687,1.9326423,-4.474575,4.2773905,-0.32168302,3.4515536,-3.5322838,1.2562485
-41.863983,6.617321,5.122346,-5.8190536,5.202682,-4.2418857,4.0463614,-3.3893378,4.2147694,0.52890754,4.154634,-2.5789852,1.4771605
-46.22976,6.3777847,3.6527882,-8.192913,4.8001604,-3.7833092,4.6974087,-1.9102967,4.752071,0.084187895,5.2470994,-3.3041062,1.3853924
-43.20206,5.061121,4.5656962,-6.780605,4.403641,-4.2363315,2.3161993,-2.9304466,3.110413,-1.1309876,4.1117363,-2.9139793,3.417842
-43.589634,5.0253744,3.2586913,-5.9149275,4.8032966,-4.757479,3.90593,-2.573837,3.1251597,-2.4324079,3.0181258,-2.299336,5.3616896
-40.482525,4.1525207,4.2287946,-4.3648744,3.3805263,-3.0100489,4.088119,-3.71803,2.702285,-0.20638879,3.792472,-5.325022,2.7254415
-41.919453,4.0761976,4.1133285,-4.747442,3.5703804,-5.6755977,3.6015348,-3.0142882,4.0185866,-0.5884288,3.3884118,-3.0948749,3.078624
-40.186024,5.2592707,3.9655135,-6.783038,3.0025957,-4.451102,3.2301786,-3.4442184,4.2062564,-1.3354149,4.443562,-1.5632069,3.783712
-43.53984,3.378241,4.110726,-5.594483,5.42027,-3.5869303,4.5100536,-3.933793,3.911368,-0.20073777,3.6466365,-2.0588987,3.5905812
-43.32284,4.5993614,5.8462796,-4.7870507,6.813799,-4.467822,3.5242186,-3.1078062,2.2804823,-1.8670516,3.422754,-0.839191,2.5122728
-42.924297,4.795233,4.3650293,-5.1804233,4.602992,-4.699545,0.7183313,-4.9026937,4.0747414,-0.488704,3.7780945,-2.3699443,1.8962737
-45.819447,3.0124931,4.2137814,-6.278981,4.4590845,-4.5565915,2.2065742,-4.180423,2.834841,-2.129819,4.76185,-0.4952667,2.835139
-48.42329,6.0005026,6.959475,-2.6464977,3.9936478,-2.954241,3.1522503,-5.5574603,2.3616414,-4.999051,4.870447,-1.3663026,2.506867
