-1500.0,1.4471112E-7,9.967915E-6,-1.457792E-6,-1.6145088E-5,-3.8515623E-6,3.927674E-6,5.211579E-6,-7.714893E-6,-1.091607E-6,-6.5797184E-7,-5.028755E-7,-2.0930147E-6,clap
-1500.0,1.4471112E-7,9.967915E-6,-1.457792E-6,-1.6145088E-5,-3.8515623E-6,3.927674E-6,5.211579E-6,-7.714893E-6,-1.091607E-6,-6.5797184E-7,-5.028755E-7,-2.0930147E-6,clap
-1500.0,1.4471112E-7,9.967915E-6,-1.457792E-6,-1.6145088E-5,-3.8515623E-6,3.927674E-6,5.211579E-6,-7.714893E-6,-1.091607E-6,-6.5797184E-7,-5.028755E-7,-2.0930147E-6,clap
-1500.0,1.4471112E-7,9.967915E-6,-1.457792E-6,-1.6145088E-5,-3.8515623E-6,3.927674E-6,5.211579E-6,-7.714893E-6,-1.091607E-6,-6.5797184E-7,-5.028755E-7,-2.0930147E-6,clap
-285.71063,-8.792128,2.2474635,-3.8613267,2.4005797,-3.1723862,2.6085765,-2.9584963,2.1316242,-4.1482053,0.716724,-4.5033655,0.9847432,clap
-226.85199,-6.7642026,-1.7807583,-6.520838,-0.11237618,2.0470245,7.873922,-5.5352945,2.118906,-7.160713,1.101733,-1.5705703,0.9500985,clap
-208.76894,-3.0425937,0.0033307583,-2.609674,1.2570174,1.104579,8.034465,-4.9515634,2.2909157,-4.695243,4.8352222,0.82401484,4.542336,clap
-193.60435,0.20013127,1.7761798,-5.0052586,1.4394609,1.1484683,8.409938,-6.5252013,2.6477258,-4.4745445,4.68678,-0.3761151,1.3033602,clap
-170.13069,1.5129313,-1.8396931,-2.9996142,4.427297,0.8506585,5.6435385,-6.6604033,3.7325728,-5.7466807,5.270726,0.1837308,2.0777407,clap
-145.89229,3.363413,-0.8072452,-1.2658143,1.4821628,-1.8711046,7.45657,-6.0606217,3.107101,-5.4626155,5.328418,-1.6988525,3.6877506,clap
-118.33035,4.7861023,-0.02607739,-4.540814,2.8558207,-2.0262928,5.744186,-3.881711,6.162543,-5.389409,3.5983782,-1.4134164,2.659744,clap
-89.42674,2.8520617,-1.6389393,-1.3254309,2.4048924,-5.142108,3.330932,-3.1061542,6.251624,-1.7062105,3.2343814,-6.5162926,2.9012291,clap
-75.249664,4.306435,0.16119292,-4.6984158,3.624173,-3.7987611,5.9151254,-2.253127,4.4655695,-1.5203528,4.6948714,-4.7042193,3.4178147,clap
-78.56612,3.418947,2.0023127,-1.7020044,4.247604,-2.4595003,3.6301541,-4.580697,3.8259897,-2.2630548,1.1785316,-5.9469104,3.6304662,clap
-74.629684,2.4821792,2.2615829,1.3665401,6.4227,-2.2314527,2.9072735,-3.538698,5.798416,-4.5662675,2.4345994,-4.9571147,3.2700093,clap
-69.13548,4.5287223,1.32291,-2.639886,0.6804079,-3.471407,3.6071107,-4.1849065,5.5448775,-2.876917,1.7757728,-7.893809,5.002556,clap
-71.330475,2.7539854,1.7487097,-2.350495,4.026261,-0.84060895,2.6707604,-4.4997087,4.345102,-5.490939,4.723192,-6.638341,1.9280347,clap
-69.33686,2.383157,0.0666057,-3.370299,4.823975,-4.088122,1.1565946,-4.4676065,5.2850914,-2.1043866,4.0722456,-4.2556014,3.7115314,clap
-71.38655,2.852653,1.5665113,-0.80253,6.263649,-3.7771943,0.59838575,-6.2857738,6.742885,-1.7711028,3.1876585,-6.369913,-0.17079325,clap
-73.50941,5.721534,-0.05090227,-3.935409,2.5408654,-5.446813,4.5176244,-2.1746657,5.5910025,-3.8935306,2.9946856,-4.798945,4.139582,clap
-74.30342,5.7880487,0.72358304,-2.3361728,1.7655455,-4.5560718,4.04559,-3.9941556,5.440527,-2.0009995,3.731061,-4.8584337,3.3465836,clap
-76.02009,4.465308,2.2394028,0.012316363,4.5690804,-2.495303,2.838422,-3.3264863,2.4900253,-5.25911,3.4953942,-5.076983,2.8508806,clap
-71.10889,3.11536,-0.14131089,-0.047856767,5.221673,-2.5557978,5.356406,-4.199927,2.5523565,-3.4990191,2.9904788,-6.4392347,1.5889376,clap
-72.19598,6.4069014,3.6045487,-0.44643527,3.9100192,-0.06938489,4.237353,-5.273887,6.154361,-5.0224323,3.6222878,-4.6649027,1.429373,clap
-74.92579,5.8900886,1.7351794,-1.327264,3.289457,-3.4562218,3.5708718,-3.7450733,4.3728814,-4.620526,2.5760791,-5.0472803,5.0935163,clap
-68.325485,5.1862526,0.5473632,-1.0427252,6.184844,-3.4658341,3.7020717,-5.36782,4.3987317,-4.532008,2.2809255,-3.3757992,1.793359,clap
-74.83264,2.302573,-1.3845751,-3.5695148,7.784408,-0.28602037,6.4521966,-3.6755483,3.453376,-4.050106,2.5702498,-4.945044,3.6806192,clap
-71.38408,4.7605724,1.206838,-1.408968,1.8938195,0.6977272,7.61096,-3.730477,1.4116889,-6.270814,3.817088,-2.974273,5.271627,clap
-65.05935,5.0995936,3.911592,-5.384854,2.368273,-0.12031898,1.2347405,-3.0636985,5.6925893,-2.7815328,2.757881,-6.9860926,5.2131686,clap
-68.40289,4.5544324,1.1994288,-1.3952447,3.423199,0.19229752,6.1043115,-3.2992702,4.1763463,-4.741421,3.87526,-6.0779247,1.1911063,clap
-64.87107,6.209161,2.6056607,-2.8372588,3.4565887,0.62290704,3.752616,-5.1435122,4.134116,-5.817622,3.522586,-4.6242666,3.493002,clap
-75.029785,5.9531717,2.570077,-0.605749,5.311312,0.8140088,6.4181843,-1.7480099,3.2873502,-3.1590953,5.1240745,-8.899309,4.2194448,clap
-68.93579,6.697817,3.575615,-1.2096682,3.392234,-5.565095,7.9048176,-1.674736,1.8429224,-4.5848026,3.1007056,-5.5075374,-0.1041413,clap
-68.42487,3.7705092,1.2504708,0.43554848,3.1619833,-2.0519538,4.2815733,-2.109161,5.4529285,-4.9806976,4.8683915,-7.050859,2.7489285,clap
-66.78251,5.9818115,2.8782365,-0.59534484,5.2615237,-1.9243189,5.4631944,-2.0992835,5.080677,-4.8401966,5.1322036,-5.8663664,2.105948,clap
-72.8506,3.5958114,2.5531588,-1.1598309,3.564651,-1.5557157,5.047299,-2.8957365,5.5250916,-4.508912,2.7689776,-4.245555,3.5138571,clap
-76.681046,1.9773886,2.6557012,-1.3561289,5.7537394,-2.8143003,5.1474013,-0.5465025,6.9937696,-1.4902587,2.403777,-5.306796,0.62686986,clap
-71.21127,5.0283046,4.740208,-0.4602752,3.9235723,-3.5787115,2.9461896,-4.7437377,3.3435044,-3.613013,3.7703137,-5.0021644,1.3985902,clap
-72.52436,2.8295138,2.6476989,-3.4887211,1.8115009,-0.55031246,5.0114236,-5.183165,5.8838873,-1.892413,1.1309574,-4.7707853,2.4217057,clap
-72.49145,3.9407368,0.88068515,-3.8942504,4.692099,-0.93274057,4.386544,0.09204772,7.506119,-0.7211143,5.8314857,-7.7943673,3.5158358,clap
-71.125626,1.0870235,-1.6850972,-4.0274057,4.9493356,-1.8944752,6.014519,-0.88608134,5.634843,-2.6885142,4.416477,-3.353771,3.1012528,clap
-74.42773,2.2144868,3.109314,-1.569955,3.521048,-2.4532535,4.3197255,-2.2617388,4.761333,-3.939068,0.5599088,-4.027774,2.224568,clap
-70.24669,3.4843357,2.3137105,-3.041262,7.860648,-1.639429,3.734004,-1.1433115,3.7017047,-2.693931,2.2571437,-3.633137,2.5351577,clap
-68.27464,5.037018,4.2803874,-0.5395645,2.9330368,-2.8877673,4.1006427,-3.7942595,3.8176897,-3.7140257,4.028236,-5.4488125,1.1404873,clap
-67.87167,2.3405519,3.0429518,-1.0953435,2.4898815,-1.9642507,5.3610587,-2.1398575,3.9826763,-3.128396,4.000362,-4.7992268,0.04477638,clap
-69.4528,5.3376374,5.389832,-3.974179,1.7450503,-2.9618685,5.5087695,-3.7013102,5.7521987,-4.4544277,0.7898538,-2.7384636,-0.24734889,clap
-71.03818,4.8981385,3.708347,-0.5918983,4.0820713,-3.5248482,5.751433,0.14006735,5.426076,-2.9744475,3.162498,-3.9818327,4.1323013,clap
-67.331375,5.1257124,0.8498569,-3.8079164,6.2393594,-1.8096627,5.9070487,-2.8733108,3.730446,-4.3925486,4.5147676,-5.154445,0.3732719,clap
-68.47086,3.1956732,2.1170375,-0.939035,5.346902,-2.320472,2.4603624,-4.8577814,5.463355,-2.79364,3.467587,-4.6878285,4.688156,clap
-73.13781,0.36490902,2.1397016,0.25190714,6.5273843,-0.9656829,6.2832475,-2.1749852,1.7583649,-4.856381,2.0865238,-6.3011084,2.439846,clap
-71.71746,2.3378356,2.9103987,-1.0949166,5.84794,-0.39392582,4.3477087,-2.8152728,4.509029,-4.9303827,1.1826892,-5.757447,3.2615094,clap
-71.20489,4.895225,1.9038843,-2.4408996,3.602984,-0.026458206,6.5997624,-3.73208,3.2579937,-5.192521,3.980116,-7.442665,2.069472,clap
-71.810234,3.6183085,4.317173,-0.9787556,3.3993537,-2.339873,2.5315464,-2.1312802,5.33636,-2.2014272,5.1809936,-4.0827384,3.399051,clap
-74.40556,1.8763667,-0.969437,-2.9250867,1.8284138,-2.960835,3.5916317,-6.4259844,4.65285,-4.0747466,5.733024,-5.8210106,2.8418055,clap
-74.64674,2.9277327,0.548859,-0.24477336,5.2479134,0.048936542,5.1859126,-3.7593699,5.494791,-1.1137996,4.6760335,-5.531739,4.98377,clap
-70.6616,3.6773708,3.2391884,1.8981723,8.362647,-3.0289416,2.928044,-3.529902,5.8646765,-1.7629223,5.6845603,-2.8806517,1.0079516,clap
-66.95174,6.079941,0.26166552,-0.2935962,3.5936136,-2.4858258,5.906417,-1.4133373,6.14166,-3.0443032,5.7797675,-7.0387063,2.3004358,clap
-70.84228,4.3813405,0.067419335,-1.8684062,2.2934992,-1.7247535,5.4847074,-1.7857217,4.5207987,-4.4364204,4.9888897,-8.42791,3.6253424,clap
-68.59037,3.0447628,0.675358,-2.1071157,3.5752394,-1.9408535,3.7542815,-0.5424266,5.2832937,-4.7974997,3.2994761,-6.555382,2.1839445,clap
-66.83396,5.7277775,0.45351627,-4.162653,0.5353175,-3.5740407,3.9495435,-6.218707,4.6016803,-5.54214,4.947215,-4.224118,1.5207721,clap
-68.892944,5.907304,3.1812527,-3.6573758,4.804458,-0.82986015,3.2961502,-3.0572,5.912369,-4.2133574,4.128094,-4.5578794,2.613009,clap
-72.58625,1.1241244,2.246064,-2.7685132,1.0531486,-1.9734449,5.1057677,-1.7552121,5.7911987,-1.2530211,3.3105168,-5.199255,3.2776752,clap
-71.80049,1.5469061,2.3080907,-1.5893593,2.8497174,-1.9029145,4.0666327,-3.1451972,3.7800324,-6.0819473,2.8026173,-3.0981488,3.332999,clap
-70.53474,4.776447,0.60261923,-1.4292111,6.394227,-0.4509544,3.379703,-0.8105202,6.8002195,-6.8470697,2.7964182,-5.900791,1.3598018,clap
-74.54098,3.2212317,2.6963093,1.7417588,6.650061,-1.5702332,4.739933,-2.692572,4.459802,-5.5416474,3.063364,-6.12775,2.2509508,clap
-73.56818,5.22692,4.930325,-0.9679111,2.1243632,0.14271787,2.5005429,-2.5273905,6.3327255,-5.0956335,3.4591544,-5.88546,3.4878361,clap
-77.033485,4.7352786,-0.30633795,-2.3503735,5.248057,-3.1670864,2.6162534,-2.7845814,5.034369,-4.3783245,4.7404246,-5.727973,1.8526285,clap
-66.89926,6.898752,2.062125,-4.1518793,4.619433,-1.7752752,5.210802,-3.102908,4.091245,-3.8146787,5.8115706,-4.440796,3.2043583,clap
-75.4244,3.2305684,2.9814496,-4.097705,4.566533,-2.3232653,3.7253158,-2.8709648,4.631846,-1.067459,3.8789861,-6.276761,3.3218312,clap
-69.84809,5.18452,2.8799136,-2.7539732,-0.26311713,-3.9329894,4.315482,-4.5235248,3.6552324,-3.3901684,5.246652,-3.9545097,3.6000016,clap
-69.70536,5.446113,3.1975906,-3.0707521,4.0409236,0.3533807,2.33158,-5.5879407,4.3279495,-5.3223343,5.9396276,-4.585841,3.3129182,clap
-66.14028,3.0330145,5.727649,-2.9788687,6.326716,2.4651616,5.2088747,-1.7612488,4.2398834,-4.719245,3.4130042,-5.1102605,2.052697,clap
-68.70716,3.5914266,1.6102442,-2.7327237,8.010535,-0.123844646,4.6205435,-2.6196811,3.1754994,-4.6053977,2.1883712,-4.8275757,3.5877426,clap
-70.46678,4.8417335,4.5669947,-2.5113363,5.2139645,-0.99349016,3.561593,-1.667035,5.550979,-3.0488524,4.2619414,-5.0455713,3.850055,clap
-72.15645,6.3766136,2.8932607,-2.0956264,5.0507803,-2.550043,6.471532,-2.7288291,6.7844357,-1.2264327,4.9707847,-3.7725995,2.9148095,clap
-77.526,0.99059457,3.427267,0.5194356,4.989459,-1.271911,0.33370098,-2.8178525,3.982206,-5.106355,3.909505,-4.3027673,4.714153,clap
-71.8936,4.4163055,3.9046814,0.85602885,6.948296,-0.9988281,4.895572,-2.7133188,3.310784,-2.6679838,4.114228,-8.481412,3.8258746,clap
-67.85396,6.615217,4.70441,-1.5109044,6.1717725,-1.9204307,3.4033954,-3.3882947,2.6967123,-4.0115943,3.7212832,-5.1183476,4.381143,clap
-70.390015,5.7026496,3.7928452,-1.2722949,4.430343,0.3306737,8.787405,-1.7938399,1.5205126,-5.990204,4.8918204,-6.64099,2.7680466,clap
-71.89,5.303077,4.63696,-1.8153726,4.5237966,1.6739271,6.425266,-2.2877316,4.361744,-3.942811,4.31195,-6.847026,1.4276389,clap
-70.599434,2.7340357,1.984276,-1.0599797,5.4026723,1.4113569,5.3800926,-2.1585891,4.3407826,-5.9467616,2.28138,-4.2634935,3.705953,clap
-67.62828,5.439061,5.702729,-1.1894543,4.901341,-0.5045134,7.675253,-1.9352108,4.121862,-5.316437,4.0541406,-4.572536,3.5282102,clap
-69.72055,2.7569818,5.002058,-2.2368822,5.212639,-5.90178,3.808256,-4.556344,4.2931323,-5.281778,2.19727,-6.2524934,3.1711106,clap
-72.75722,4.191568,5.314051,-0.75010145,6.033258,-2.4429903,3.9172518,-5.0102944,3.1197832,-6.7638865,2.8315334,-3.7665455,4.3420444,clap
-67.960594,4.165438,2.9183707,-4.4276276,5.030603,-1.0791446,5.1953573,-4.34523,4.442701,-3.147405,4.435448,-5.9440804,3.5115309,clap
-71.57219,2.260859,3.742512,-1.2117339,6.2851133,-0.006976801,1.763058,-5.3076677,6.400333,-3.261153,4.256086,-5.3591924,1.4749755,clap
-74.336205,2.54312,2.747831,-3.3575647,4.3212805,-0.75970656,2.3889,-3.135462,8.179295,-2.768779,3.5666924,-6.771965,4.6395164,clap
-71.14245,2.317185,1.8811499,-0.9239958,3.9275284,0.14851509,1.9232929,-4.140667,5.0661907,-3.1549885,4.4057894,-5.554337,4.3073616,clap
-67.63495,3.9344914,4.199645,0.19766127,3.7331529,-3.9862897,1.1269076,-3.09323,6.480643,-4.298832,4.2023573,-5.745959,4.4085507,clap
-74.07071,4.0715995,2.8983965,-1.337135,5.65691,-3.086619,-0.4081977,-4.4705505,6.8495793,-1.5833924,2.5886211,-3.4280534,6.7331333,clap
-70.96489,0.9292529,0.91644496,-0.8818193,5.268032,-7.174533,2.153435,-1.769149,6.679276,-4.681721,3.8573854,-4.8366213,3.8027482,clap
-76.10503,3.7973526,3.2513204,-3.7905033,7.3041415,-0.7409918,2.2341876,-6.189041,4.815623,-6.021817,1.6191144,-3.7647958,3.518498,clap
-73.3219,3.031962,1.603512,-0.6202323,4.776913,0.90608764,3.755336,-4.9001093,4.18275,-4.7356586,1.4159933,-5.3950973,1.8832653,clap
-69.70631,3.0766003,1.8708451,-2.0012016,6.998526,-1.6717082,3.49695,-3.053344,5.634477,-4.3497405,3.5049293,-3.234549,3.258525,clap
-72.35529,3.0501893,0.8429653,-3.9169457,3.0660217,-3.1664777,4.518491,-4.6399,2.618667,-4.091751,2.1995509,-3.830658,5.0485263,clap
-67.223335,3.9438298,5.535719,-0.6250903,3.3589118,-2.0674822,5.1448965,-0.8749343,2.4017866,-4.785184,3.3160162,-3.7273705,4.4272327,clap
16.430119,0.33497077,2.3810284,-5.5039334,1.4692092,-2.8360941,1.3803356,-5.0397835,4.6726027,-0.14288692,1.0106024,-5.02457,3.301282,clap
56.61441,-0.61361367,2.8773634,-6.03029,0.3896271,-3.478216,2.1805482,-4.3024282,5.930875,1.3254646,1.1753514,-5.153785,2.9251611,clap
0.42276144,2.073837,1.806578,-6.200606,2.1453466,-5.412973,-0.4099507,-0.5270582,7.6047554,0.33011195,1.9270607,-3.6656916,2.233413,clap
-14.514387,0.06305612,-2.033002,-2.029604,2.897396,-4.5496006,0.91592216,-3.9352963,5.491856,0.81747943,3.4943075,-6.1961236,3.1530771,clap
-17.190014,0.13701753,1.4960437,-4.4158163,6.9004693,-1.7931713,-0.9879586,-1.5891429,7.6639285,1.9618886,0.853411,-2.9513211,3.322366,clap
-27.640034,1.0185937,-2.0780473,-4.252007,2.975073,-4.404029,0.97692275,-2.9782333,4.893641,0.38495076,2.3262353,-4.9538784,3.0525625,clap
-29.04035,-0.82075346,-1.7028329,-3.5797741,0.68532383,-3.146076,3.273957,-6.510224,1.5650132,-2.9172945,3.4057,-1.5691485,1.0863098,clap
-36.571987,1.6288755,2.2292645,-3.0015426,1.5309141,-6.874992,2.2873688,-4.441113,3.5671153,1.9300913,2.2593231,-2.2253778,3.4405198,clap
-41.493427,1.9983948,2.0776167,-7.4255114,6.1798835,-1.7413927,-1.4256513,-2.02216,5.191073,0.47932664,2.4884698,-2.7394047,2.2922814,clap
-47.318066,0.3943054,0.15705733,-4.5789566,6.707377,-1.6209404,-0.947993,-7.0742135,3.3895245,-1.5836204,5.3996897,-3.3673584,2.6593995,clap
-55.027878,-0.38122344,-0.45383114,-2.7496676,5.249814,-3.170004,-1.0779995,-3.0883543,6.550064,-1.3343903,1.9805676,-4.376467,4.406512,clap
-53.50219,-1.1758045,1.0254604,-3.203483,0.3911791,-6.4771614,0.9390258,-4.0460596,2.7054508,-1.5212821,2.6799655,-2.9390357,4.175911,clap
-65.10737,0.42230943,1.7594725,-1.2361358,6.527546,-2.9647515,4.0182457,-3.0551727,6.36534,1.888435,2.7335253,-5.539115,1.4189595,clap
-67.5705,0.20060633,-1.190597,-4.9800196,5.366752,-3.488514,5.6052446,-2.4597929,5.0994844,2.3149507,4.6780443,-1.4160694,4.3831477,clap
-63.931477,1.7989508,-0.84016055,-5.141865,3.2105625,-1.808564,2.6019702,-3.259238,4.829742,-0.8224234,4.355824,-4.388519,3.3190012,clap
-71.16008,1.8849941,1.9367368,-3.4392595,2.1749294,-3.885497,2.7591484,-4.893269,4.315362,-0.86362654,2.571809,-8.132432,2.8713446,clap
-73.53155,3.9724858,0.16218373,-3.7978387,4.643373,-4.4228525,1.5888823,-4.459808,6.4347644,-4.2118826,1.3245485,-1.7407069,3.1451776,clap
-69.32287,1.6712468,-0.44298026,-1.8617024,5.723977,-3.840455,2.9316,-4.3084264,3.3835506,-2.0457387,3.5872111,-4.2301135,2.3804498,clap
-68.64697,3.3469715,0.76181585,-7.2703047,2.5897398,-3.4548142,3.258097,-3.1818182,4.31088,-1.3120415,4.555802,-1.8363041,2.8148122,clap
-75.59702,2.2873023,2.1660643,-3.7480254,2.8859391,-0.7433953,6.238958,-2.9254959,7.7708755,-2.976266,4.4016495,-1.8527274,2.4959445,clap
-71.980644,1.5647129,2.5339777,-3.1387925,2.354135,-1.8397456,4.4603953,-3.4565454,6.282547,-3.131396,3.6996362,-3.31351,2.7547624,clap
-68.177986,2.306128,1.1111761,-2.5759218,4.742537,-2.0781775,5.0407186,-2.134873,4.2339354,-2.279011,5.039987,-3.2274046,4.9719706,clap
66.945595,-10.653571,-0.65660816,-4.60033,2.2397282,4.678303,1.7327353,-0.6007339,6.209892,-2.192192,0.7508009,-2.690694,2.5943267,clap
70.42632,-10.887413,2.552756,-4.6025286,1.9672712,4.767427,0.74762046,0.5441887,4.624194,-1.9426923,2.203917,-1.8778201,2.6330829,clap
35.770164,-5.607937,0.7362531,-0.221672,0.19555701,-2.4273465,-0.76480746,0.28732595,5.194085,-0.41413945,4.0135317,-3.3800197,3.1686537,clap
26.943085,-8.558483,-2.846802,-0.7848076,1.4918749,2.25782,-0.81867796,-2.2913697,6.3828545,-4.2437882,5.6090407,-2.6522117,3.5957947,clap
26.693161,-6.8833685,-2.3902495,0.55720663,3.3199947,4.0967174,3.297991,-3.071117,6.1948986,-0.24766237,2.1427655,-2.4873075,3.9655452,clap
13.031161,-8.61094,-1.9838313,-0.17923303,3.8422625,0.31836152,-1.4870116,-0.97933847,4.465432,-2.1227322,4.2950892,-3.5464387,3.2911878,clap
7.501006,-8.066036,-0.5821587,0.30699286,1.8290366,5.7010465,2.9036458,-4.9968925,4.4186807,-1.0611877,3.3383877,-3.9012983,1.7718824,clap
-1.3622444,-5.65448,-0.61340576,-1.1201037,0.8875774,0.2815951,-1.0409982,-2.733403,4.5682707,-3.6372924,-0.21707173,-5.7500553,4.522579,clap
-1.3806612,-6.17799,-2.6971152,-1.4060161,4.023011,2.5337026,0.35907325,-1.6008155,5.7747726,-2.179507,1.8203796,-5.657241,4.1484184,clap
-8.702105,-7.4505033,-0.55766594,0.6343926,3.633983,5.275299,-0.63689256,-5.02394,3.1145036,-3.1470351,1.5850623,-4.206325,4.710469,clap
-16.040588,-7.4955406,-3.0967553,-0.0352287,2.5594263,-0.0147047,1.6661725,-2.0320294,4.878315,-0.23313175,0.86313814,-4.26611,5.416668,clap
-22.26554,-9.706857,0.21281771,2.2334607,-0.7642988,1.7164237,-0.1591461,-3.80268,5.913651,-1.8006604,3.3616362,-4.2969675,1.9998207,clap
-27.255114,-5.9678082,-1.4437462,-1.419848,4.067953,4.1324925,0.9511527,-2.5103729,5.464036,-2.7144325,2.8628542,-3.0305064,3.111363,clap
-36.94255,-5.000414,1.164783,0.20100446,3.6819656,2.4482076,1.1026582,-2.446051,3.9766989,-2.0787506,0.48077032,-5.109184,2.6999867,clap
-42.329647,-4.114506,-2.3198867,-4.125017,4.761101,2.8481734,2.0233195,-1.9198189,4.5793133,-3.528911,2.3213217,-6.068125,3.5456781,clap
-51.10788,-5.9643445,2.284955,3.2758086,4.5647326,1.2732934,3.3575366,-2.5515683,4.4576597,-0.60100573,1.8686527,-3.9827158,2.1372952,clap
-49.52185,-2.7144952,0.781609,-2.4919283,1.7123703,1.1032625,0.2932417,-5.472503,4.2247353,-2.5848348,3.08894,-2.4894178,5.2440987,clap
-48.102688,-2.7583625,0.36664045,-0.4539109,6.5476217,2.7603686,5.3803763,-0.4857154,2.3501887,-4.490185,2.1620727,-4.2543545,2.8503609,clap
-54.155598,0.28632885,3.134963,-1.6433542,-0.009665304,-0.74924296,-0.37042776,-4.6517167,2.7890823,-3.2797165,1.8524317,-3.1714187,4.950545,clap
-61.217102,-0.82176995,3.7277615,0.61992335,1.1818619,-2.6934476,4.1925573,-4.3471656,1.6964477,-1.0280262,3.7500331,-3.4476902,3.2379003,clap
-65.46498,-1.6266972,-0.1513284,-0.5860477,2.6896415,-1.0103225,1.9752921,-5.412884,4.2362313,-3.5709317,4.6660256,-2.6417553,5.461015,clap
-26.232225,-9.956661,-5.113727,-0.3222516,1.0428505,0.36260688,5.693593,-2.725071,4.902317,-4.087017,3.3131316,-4.675267,3.5751054,clap
88.5967,-7.8252006,4.9255075,-3.251276,-3.4309263,-0.6816146,4.0466056,1.3079555,3.0345025,-0.8553009,5.655272,-3.1325798,1.2672306,clap
47.477432,-5.29313,3.33401,-0.41901907,-2.2962935,-4.4660826,1.5472975,1.466549,5.106181,-0.25757897,4.6265492,-2.768424,2.6168165,clap
33.448063,-4.949468,0.49066037,-0.04713326,-1.8531665,-3.0494242,3.6416152,-0.18959264,3.4221022,-1.8982055,6.184383,-1.9998342,3.0160935,clap
27.775291,-8.84981,-2.6150935,0.11053148,-2.4537728,-2.1953843,2.474145,-1.116048,3.9162078,-1.6375048,5.394329,-0.41894376,3.9479003,clap
26.505413,-3.843942,1.6877465,1.7252102,1.0550537,-0.20689338,1.67458,-1.8521174,4.1065965,-1.3212922,6.0786347,-2.8351746,1.4039394,clap
9.054298,-8.594345,1.3972893,1.343419,-2.8056347,-2.9049592,2.1849964,0.7844963,3.8626583,-1.5211692,3.4848278,-3.9818912,3.8512158,clap
10.426936,-5.278921,0.9158733,0.9281825,-1.4013761,-0.4904258,2.3358655,-2.7117546,4.116272,-0.20678732,3.0562212,-5.1165705,2.1668868,clap
0.1845808,-9.135353,-0.65801203,-0.014509332,-3.5969372,-4.0478535,-1.2327899,-3.4073777,4.933009,0.12476443,3.6797535,-5.896742,2.1864684,clap
-4.5495386,-6.5861893,-2.58778,1.2447783,1.2832412,-2.4253187,0.46876863,-3.18103,1.8190743,-2.0907896,3.6809573,-3.599135,4.4925137,clap
-11.674042,-6.565149,-0.5104335,-0.19369563,-0.11252835,-0.63440996,2.8226657,-0.50732607,2.2871623,-1.4985864,4.1105633,-1.771606,4.3526535,clap
-17.624592,-8.910981,-2.4486358,-0.7814863,-1.6996294,-5.7380166,-0.28684407,-2.0595655,2.9578204,-1.3078115,0.88684285,-2.978947,3.7103283,clap
-27.970633,-6.6595063,1.2968352,5.0213776,2.0709348,-1.3903867,4.2702723,-2.6531935,4.911957,-1.0681176,3.9381087,-3.1363046,2.8291993,clap
-27.161304,-5.4032025,2.3143,0.95117503,-0.740039,-2.9171772,3.0171065,0.08562667,3.280663,-0.7732473,4.895824,-1.9969028,2.9905953,clap
-40.188873,-7.347789,0.028726118,1.9015344,0.77544487,-2.7568173,4.926748,1.9426019,4.948865,-1.5782716,3.2346463,-4.03833,3.206625,clap
-40.23513,-3.8495603,4.291922,2.0968184,-1.4592259,-2.695239,1.8059117,-4.386354,5.0364857,-1.0665928,4.384775,-3.7699847,2.421721,clap
-46.705963,-3.2520976,1.1274612,3.1814685,3.02989,-0.29352525,1.5869101,-1.3826786,3.9309256,-4.4559846,3.3809223,-4.6227055,3.4239707,clap
-49.03868,-1.724109,2.712735,1.7600708,0.92492193,0.6501149,4.9525056,-3.2732213,2.9430912,0.7051226,4.4712343,-6.771961,2.775853,clap
-51.280834,-2.5180333,1.1407186,0.07742595,2.4315643,-2.9425528,0.793539,-0.6413636,4.2024364,-1.4021741,4.5432353,-5.206576,3.468461,clap
-61.128258,-1.7373036,2.5216815,-1.7260361,0.27809736,-3.193241,3.4307432,-1.7919985,3.9596028,-3.7761612,0.15628527,-3.9694693,1.5994607,clap
-63.76139,-3.1998224,-0.16087358,-1.0568842,1.1307719,-2.0121136,3.7905512,-3.755952,4.478993,0.23822184,4.6557302,-2.6196756,4.805875,clap
-62.624203,-1.0234056,4.32271,1.4772593,1.13214,-6.478456,2.4822273,-3.8037896,2.8751087,-2.397793,2.1440473,-3.20241,2.6326022,clap
-63.93604,1.2788049,3.4944994,1.9919877,5.472329,1.0173163,4.7288485,-3.714615,4.3657227,-2.1490333,4.3401136,-3.6215854,1.4824322,clap
75.363785,-7.7576075,3.6300454,-5.5209184,2.046457,-1.0651479,4.143951,-1.0180334,2.0619745,0.1346889,2.1927533,-3.7939231,1.228719,clap
77.987885,-8.680978,4.731591,-5.90728,1.2708448,-3.123168,2.0516853,0.37201363,3.6380277,1.5818814,3.7870755,-2.9191337,1.3491209,clap
50.380325,-8.361591,2.7665687,-1.7088344,-1.8918371,-5.293877,1.0214304,1.1623964,5.4871483,-1.064584,4.121676,-3.0392532,1.6850606,clap
39.551548,-11.900949,-0.6794834,-1.0651822,0.83607835,-2.1235685,1.4086368,-1.0073587,2.6373978,-1.9646043,5.19474,-1.4165709,1.8144417,clap
38.700157,-8.696116,0.4537893,-1.1671696,2.2701488,-0.003866345,3.4285262,-0.9860717,3.766427,0.8239794,3.928144,-1.0224727,3.1965373,clap
27.8143,-12.699366,1.1100849,-1.7996949,3.2715552,-3.723598,1.1323357,0.9127615,3.013117,-0.8904659,4.0343547,-2.008442,2.2543824,clap
20.700254,-8.611101,2.346815,-1.8867979,1.1816317,-0.9801156,1.9330779,-2.0810537,4.98431,2.7959988,1.9965527,-4.1816773,2.1575682,clap
10.426016,-9.005469,0.3749883,-4.0672984,-1.4169639,-3.6784225,-0.71614707,-1.8227009,2.7656877,-1.9890678,3.9667897,-5.9158216,0.19531396,clap
12.438871,-11.07054,-0.47729954,-2.096688,0.24200718,-4.3665457,-1.2301122,-1.2272941,3.9008324,-1.9497135,2.026677,-2.5688624,3.1115165,clap
1.2678057,-9.435745,1.7009786,-4.369083,1.1493042,0.644535,1.7740049,-3.8054776,1.4083581,-2.3268304,3.1920884,-0.7751413,2.8100379,clap
-7.177397,-10.424264,-2.4143386,-2.4360216,1.8657898,-2.992535,2.438852,3.010142,5.3285284,0.097183876,3.570834,-4.197446,4.1645164,clap
-9.00531,-9.434305,2.279168,0.31072828,0.28234985,-2.0749831,3.9590013,-3.365272,3.7123897,0.9345626,2.8800766,-3.049513,1.450998,clap
-17.272734,-7.662363,-0.4617842,-2.0341969,4.3247557,-1.6141852,4.0020027,-1.6548712,3.214193,-0.46271834,4.3331594,-0.7480681,2.167068,clap
-26.316332,-5.508151,3.9249675,0.19336092,2.8635404,-0.786311,3.9825127,0.1648154,3.2063248,-1.8714803,3.0618935,-4.1272955,2.3202186,clap
-30.235365,-10.045017,0.042025268,-5.3180485,-0.30575946,-1.7795542,1.6183447,-2.1461508,6.7865763,0.5684379,5.330138,-2.7064726,1.3506559,clap
-39.516907,-8.443126,2.3326757,-1.9120427,-0.7403904,-3.0806038,0.5358916,-3.1393268,1.7902089,-4.2756143,3.2989275,-2.424734,4.7058387,clap
-41.12662,-6.12294,-0.7436352,-1.2207899,3.308641,0.24459329,2.7934875,-2.0345063,2.3945465,-3.637563,2.4726315,-1.6327013,5.1600065,clap
-46.874077,-10.333323,-1.2391628,-2.0997572,4.9223704,1.1972406,3.9662998,-0.691985,1.0172333,-4.6666155,3.2321556,-3.561057,2.031435,clap
-46.11911,-4.213144,3.7679126,-3.224039,-0.3371929,-3.367796,3.109303,0.10853066,1.6339747,-1.0940708,4.73219,-1.9689877,3.8463874,clap
-52.18853,-2.502899,2.659798,-0.44931474,2.2464917,-0.38692728,4.531988,-4.1626472,1.4271493,-3.2324328,3.3060951,-3.3325796,2.941075,clap
-55.736073,-4.280223,1.0078831,-1.7646964,2.232028,-5.2193484,3.4322793,0.05828799,6.0477595,-2.2173958,2.1134937,-4.232354,2.4093263,clap
-58.034286,-1.9405379,2.4750047,-2.564455,2.8167799,-3.8021314,3.5899494,0.44790456,3.2976694,-3.5192509,3.9702194,-3.1211457,5.3370132,clap
54.432266,-2.9173841,5.576124,0.9409643,2.2063665,-6.979109,-1.5434412,-0.48144373,5.947901,-2.8509486,1.4919058,-3.303936,2.3834555,clap
49.563805,-4.603386,4.5827665,0.64603674,0.0431739,-7.5614924,-1.3802788,-0.929992,5.0352683,-0.7274657,3.7960927,-2.64658,2.4484942,clap
0.44056726,-0.5411618,0.30129156,-4.2414775,-3.3352704,-7.370061,2.3688035,-3.412136,4.492959,-3.7910414,4.4013133,-1.621622,1.1835705,clap
-8.398703,-3.653199,1.4349113,-0.8103775,-0.076712154,-1.0385144,1.4691849,-2.8729894,5.5061545,-3.5739553,3.1227856,-3.883,3.151954,clap
-12.086262,-2.9751382,0.038663726,0.81449354,0.5373312,-3.0519164,1.1500615,-2.2777731,4.9135876,1.5529538,7.57886,-1.6294258,3.0721028,clap
-24.4069,-4.048752,0.02414187,-2.4565818,0.11987133,-4.0094337,0.34142026,-2.4155736,5.217373,-2.6593702,4.9631104,-3.030729,2.6117284,clap
-25.815823,-1.9546031,2.7926579,-1.32781,-2.2059224,-5.495365,3.8548138,-3.9835327,2.7792819,-0.6931752,6.434178,-1.8443766,2.4075496,clap
-31.699392,-1.799109,2.2502363,-2.2879636,-2.073602,-6.0717587,-1.0047133,-2.2696862,3.7572849,-0.97948647,6.40883,-5.040113,1.8759592,clap
-37.852734,-1.0867366,2.6014712,-1.093155,0.121013105,-6.1498446,0.07003318,-2.6295004,4.3553357,-3.8130164,2.956935,-4.28509,3.532893,clap
-44.208187,-0.94989073,2.4048593,-3.0644114,3.1126332,-2.3865893,0.16965555,-2.1491933,3.6278403,-2.544503,5.7518888,-2.397966,3.950559,clap
-48.949177,0.26545483,3.2990508,-3.1231322,1.1678839,-2.9886227,3.5779283,-3.594689,0.9773124,-0.846165,3.688069,-5.1257906,3.0739553,clap
-51.999012,-2.1022425,1.2147458,-1.2855628,-1.5691196,-4.1598787,5.2835584,-3.8604672,3.3045437,-1.4694403,5.553495,-2.4930758,5.011985,clap
-58.79466,-2.161749,0.7033964,1.1070167,4.137297,-4.028434,5.152094,-1.6721823,6.6270227,-1.9954517,1.8522873,-5.2116065,2.1043227,clap
-68.34335,-4.227243,-1.3668667,0.62435687,4.27854,-3.3363023,4.779219,-2.5984688,2.7572606,-3.2998152,4.944961,-4.4387407,3.2359447,clap
-64.72688,2.2448864,3.2612948,0.31854787,2.818325,-3.729901,3.75941,-4.144647,3.1538277,-2.4841251,4.2113466,-5.127179,2.1395779,clap
-68.645065,0.22613293,0.49659204,-3.8052194,3.272327,-1.9162383,0.7212643,-2.515278,5.0703855,-5.0212145,2.900196,-3.91891,3.5945296,clap
-73.86615,4.402117,3.4926803,-0.93197197,2.341034,-4.6341596,3.2245574,-3.9396653,6.377263,-2.2884097,4.813172,-4.578889,3.3109515,clap
-75.14618,4.035852,4.4802327,-1.012668,1.5484204,-4.762968,1.6277469,-5.963057,2.7784224,-5.1192536,3.616726,-3.5706544,4.201222,clap
-72.76436,1.5636219,2.6662884,-2.5377378,1.9365292,-6.092367,4.3507657,-3.802292,4.5083547,-3.8728838,5.0258155,-0.88082606,2.0569208,clap
-69.07093,2.1407342,4.08272,-1.9656888,2.1043732,-4.469429,6.753587,-3.1004925,2.1054742,-2.5992079,5.305821,-2.036901,2.4842155,clap
-74.54766,1.977552,-0.26397568,-0.54142606,3.1179733,-1.7387452,4.0618534,-4.4879303,2.7009227,-5.076199,3.8451707,-5.6878395,4.315658,clap
5.8031654,-4.7116857,-0.9054552,0.572163,2.9621043,-4.805938,4.6329937,-1.666417,-0.016525727,-4.853395,4.5635056,-5.5142713,2.18235,clap
84.066025,-7.295406,1.3137838,-3.4123592,2.1847491,-4.780413,4.0311227,1.1309294,2.7690551,0.34322035,4.8531103,-5.1237717,1.780409,clap
37.06622,-5.1627307,1.280355,-0.86393005,-0.8245378,-8.597679,1.4032884,1.2649462,6.7036104,-1.1063344,3.874297,-4.018995,2.7435787,clap
24.213142,-9.218489,0.6072119,-0.9210734,1.4409006,-5.221058,4.1963787,-1.320258,3.996973,-0.6960617,5.74985,-1.8369776,2.0965517,clap
20.046543,-12.262742,-2.1491237,-2.0577102,0.665504,-5.3338842,3.0745866,0.38138482,3.7373195,-0.44115463,5.7986836,0.16723844,3.8076932,clap
15.597736,-6.685107,2.270613,-0.8120631,4.119843,-4.772737,1.7367283,-0.78641135,3.5295072,0.21207578,5.473121,-3.145983,-0.3234736,clap
1.2558837,-9.048778,0.46839485,0.35920525,0.47251588,-4.5493636,1.5384455,0.015478283,3.2529657,-1.1955196,3.8848279,-4.291097,3.105228,clap
-0.9123099,-6.2688103,1.6378701,-0.7449153,2.253439,-3.9260345,2.0760465,-2.7805042,4.0542808,1.887105,1.8600821,-5.758802,2.0127175,clap
-9.035726,-9.987597,-0.14871986,-0.57755655,-0.6281374,-6.7388124,-0.77618307,-2.7121713,4.900317,1.4639385,3.5660179,-3.9323177,2.41781,clap
-10.417839,-7.551037,0.046509113,-0.9276104,5.709514,-4.461844,1.4015683,-2.72978,2.2178383,-1.9168493,3.1442504,-2.7349591,3.6057098,clap
-22.759941,-6.925994,-0.39331427,-1.3436608,5.3341885,-4.3737903,3.2025018,0.09720598,2.3941278,-1.6165287,2.1034145,-1.6131209,2.5312471,clap
-24.21233,-9.243601,-1.3625293,-1.4621218,2.9569979,-5.2671785,2.5299215,-1.7004579,2.5623999,-1.5033679,2.1918879,-2.9731085,2.621967,clap
-32.644115,-7.759072,2.0898936,1.451411,2.8933234,-1.9989794,4.745613,-4.3531113,3.1126196,-2.902725,2.4217274,-2.719663,2.0366232,clap
-35.899597,-4.8111534,1.0083069,-0.55352515,4.808365,-4.3394732,5.402205,-1.1941801,1.5098767,-2.6386628,4.2526455,-2.6932893,0.38451567,clap
-39.796673,-7.0403514,0.6102123,-1.3936639,3.1796367,-4.49451,4.956853,1.5905588,1.9967818,-0.4746257,5.9293594,-3.7956672,2.2375796,clap
-48.842117,-5.568073,2.829264,-0.54090697,4.5233912,-2.6522527,4.6956553,-1.7836957,4.064539,2.0824585,3.1856096,-5.1989017,2.7199924,clap
-52.362038,0.03108093,4.701473,0.30171603,3.9834957,-4.584051,1.9800799,-0.6964083,4.423212,-1.3394533,1.7034132,-3.0463493,4.4598556,clap
-53.89746,-2.0527015,1.4190993,0.3756344,6.3391204,-1.2968004,3.4730368,-5.4989386,1.3521363,-2.4795618,1.5510601,-3.9305766,4.1389,clap
-57.658264,-3.2135007,0.035458174,-0.61656946,5.2895436,-5.662233,-0.28369308,-1.7602595,7.627505,-0.2841533,3.470879,-3.280231,2.8257332,clap
-57.995796,-1.2629414,0.06070013,-3.9547887,3.9519935,-2.4713614,2.0431058,-4.173798,4.000525,-4.534343,2.8235552,-1.7527105,4.182565,clap
-51.312935,-0.50429535,4.8825717,-4.092422,5.5105076,-1.8120053,3.2684786,-0.93571055,1.7237434,-2.0317547,3.5699778,-4.7315836,1.7403557,clap
75.53503,-11.553437,-0.56853503,1.7073705,2.6774201,-4.903747,3.7047608,-2.9401736,3.0524495,-1.8222388,3.7636054,-3.2506514,3.3881927,clap
37.11043,-10.099525,-0.6787848,-0.009999353,-0.475478,-6.176253,2.3066976,-0.763971,5.8898754,-1.3241718,3.6421523,-3.4532747,3.039044,clap
23.38898,-14.619639,-0.5380183,1.4153066,1.1632748,-3.997472,2.6037626,-1.4827735,5.9297957,0.6290752,5.0943294,-2.8666675,1.8712834,clap
17.032053,-16.470476,-1.8387467,1.3746773,1.3884732,-4.314541,2.724543,-0.9463761,4.097849,-1.3122514,3.6087713,-2.4802647,2.0276382,clap
15.454484,-10.753818,0.26936138,2.6139262,3.787891,-2.4732108,2.5739114,-3.0917215,3.148989,-1.2217007,5.6372733,-2.4690962,0.7881336,clap
-1.147058,-17.124174,-2.6087258,1.5410836,2.9916472,-1.6246041,1.4503961,-2.099955,3.0021992,-2.4830372,3.0744057,-2.6105435,4.1660423,clap
-4.0015154,-13.420528,-0.006877728,1.0402875,0.9640101,-2.34949,3.8984644,-3.2282,3.6987774,1.5003864,2.8969948,-4.7371807,2.9541996,clap
-12.365898,-13.454744,-0.23133439,0.37000206,-0.76734376,-5.1458316,0.54896,-3.545308,4.878977,-0.4176252,2.6085324,-4.6832337,2.8014255,clap
-11.646063,-12.304647,-1.4463277,1.9055821,6.3684087,-3.0160093,0.22125174,-4.5237427,3.3657353,-2.0318475,3.0880122,-4.6562295,3.1802113,clap
-23.609226,-12.595795,-1.650751,0.15299201,4.3828945,-2.1666837,2.6097598,-1.9944028,2.9094791,-1.8379656,3.809858,0.20016919,3.8316023,clap
-28.870684,-13.891838,-2.7321982,1.0946435,5.2607865,-3.4838681,1.8646266,-2.8292775,2.3685973,-3.111962,2.0610225,-3.8386436,3.2432072,clap
-33.67847,-13.731745,1.7886169,2.2006848,-0.46540606,-3.2084367,4.2205124,-4.683115,2.583179,-1.5252323,3.9733992,-1.133,3.9319088,clap
-37.001034,-11.755774,-2.5748234,-0.9015817,3.774749,-2.3507028,5.8950763,-2.4942272,3.1688814,-2.5536132,3.6852062,-2.654356,-0.31709257,clap
-39.799763,-9.500863,-0.54101586,0.7586866,3.2616696,-3.9327955,4.473924,-1.7739515,0.73724693,-4.3024573,4.9050374,-2.3675776,2.0953517,clap
-43.767643,-6.405351,1.6156433,0.1290766,2.7483888,-2.3171775,3.780839,-2.2927988,3.079061,-2.1424305,3.44134,-3.5688567,1.3362046,clap
-49.850807,-4.4205675,1.8912094,-1.0533578,3.6420217,-1.4529846,3.4995325,-0.68961954,3.2062414,-3.3812103,3.5212214,-4.3574457,3.572053,clap
-49.20529,-4.526961,0.77585083,2.9118853,5.3122487,-1.0568911,2.842284,-2.6236818,5.3994746,-4.3167067,1.3138483,-7.250437,0.82277554,clap
-52.86753,-0.92369276,0.44499144,-0.36109307,4.6993775,-3.4378402,2.7324014,-3.1253066,4.816902,-1.6886284,2.2472632,-3.8160264,5.397421,clap
-55.868416,-1.5441188,1.2466954,-1.6746266,3.9363122,-2.103708,4.740477,-0.2073584,4.3672876,-4.2348037,0.41628292,-4.3151054,4.1127653,clap
-61.45218,-0.6237969,1.1811033,-2.686089,2.7991154,-3.063104,5.2790365,-3.900098,2.7118561,-3.7296493,0.90910953,-2.6775107,4.208638,clap
-62.74309,-0.5637209,0.52931696,1.735346,5.5801363,-6.1306515,3.307043,-0.63842976,6.125368,-3.4020166,2.0611293,-3.0019825,4.3292003,clap
-60.057655,2.1893811,0.49476907,-1.5769163,4.0659137,-6.2104373,4.0675607,-1.1321622,4.184476,-7.3514867,1.0531703,-1.5951264,6.381104,clap
-67.45509,3.1557465,2.575447,-4.6172366,4.0282383,-4.631632,4.790588,-3.056255,4.996801,-1.6288835,2.1193779,-4.224248,3.056037,clap
-66.49272,2.4662867,3.6782255,-0.84806514,5.3472595,-3.4709897,3.3948545,-1.5890529,6.2664375,-5.6383677,2.1196413,-2.3866844,4.665949,clap
-68.8461,3.5718212,-0.6848816,-2.4169612,3.3992581,-2.8593369,4.8041897,-2.088953,5.371406,-4.6907277,0.7031717,-4.594825,6.9334717,clap
-63.4211,6.066832,0.82591254,-3.7740486,5.474263,-2.7657945,2.3176198,-1.6686418,3.9393055,-5.6040745,3.3362591,-4.6592174,3.7141688,clap
-68.19557,4.218269,0.36113238,-1.7525706,6.007076,-5.627293,1.5111458,-4.089527,4.1966414,-4.747911,0.94740164,-3.7886562,4.763959,clap
-66.132164,1.712107,-0.5044621,-3.7488904,5.988761,-2.9599047,3.7024484,-3.557583,3.5878835,-4.69505,1.965326,-4.5164175,4.0156493,clap
-66.81606,4.3005495,-0.61448497,-4.8009005,3.8975158,-1.6312977,2.951584,-2.9396446,3.3841207,-7.008198,4.5387063,-0.8459512,5.066983,clap
-70.85886,1.4484816,-3.2057703,-3.1864972,4.875377,-3.2623324,3.2597044,-3.8062677,5.246776,-3.722621,1.3810837,-4.0597606,3.8545032,clap
-69.908394,1.7347273,-3.0684457,-3.2391477,3.0879145,-4.9041715,4.9840727,-1.6332082,6.4247746,-4.4592957,-0.15531483,-4.24304,3.9781544,clap
-63.223545,3.9265456,1.6707355,-3.1946619,2.649732,-1.0399736,3.7932525,-5.487191,4.5148253,-4.9191995,1.4488677,-2.896635,5.2403803,clap
-67.861465,5.3672013,1.2183654,-1.0152316,5.4789,-0.51656073,5.844432,-2.448801,3.2702687,-4.966819,2.7436292,-5.825449,3.1701267,clap
-72.19311,5.1869125,0.34298435,-4.1452465,3.5395043,-0.8829578,4.053676,-3.5700061,7.7899966,-5.4750957,0.9446061,-3.997317,5.1343584,clap
-69.46996,3.5388186,-1.5428535,-6.5889955,3.2339706,-1.6363562,3.1904125,-3.0702298,4.9856787,-2.8149064,1.4297687,-4.660801,5.006759,clap
-73.97752,2.283095,-2.3930748,-2.264886,3.9633136,-1.8182856,2.4418225,-2.8015714,3.4300065,-5.046686,3.899345,-4.693177,6.438996,clap
-66.78151,5.7526813,1.1837889,-2.8906417,3.68501,-3.437101,2.2208676,-3.5640428,5.485948,-3.858311,3.6698124,-4.478841,4.208198,clap
-64.967,1.0054765,1.9531386,-1.4458227,4.206431,-4.239911,2.9351337,-2.8510091,6.4357753,-3.7275908,4.6022425,-3.33131,2.3780127,clap
-25.995813,-3.2033982,7.7161593,1.3200673,7.9370065,-6.6250463,3.4397602,-1.3513919,5.07503,-1.4689733,1.0769367,-2.6617906,2.2593098,clap
-1500.0,1.4471112E-7,9.967915E-6,-1.457792E-6,-1.6145088E-5,-3.8515623E-6,3.927674E-6,5.211579E-6,-7.714893E-6,-1.091607E-6,-6.5797184E-7,-5.028755E-7,-2.0930147E-6,noise
-1500.0,1.4471112E-7,9.967915E-6,-1.457792E-6,-1.6145088E-5,-3.8515623E-6,3.927674E-6,5.211579E-6,-7.714893E-6,-1.091607E-6,-6.5797184E-7,-5.028755E-7,-2.0930147E-6,noise
-1500.0,1.4471112E-7,9.967915E-6,-1.457792E-6,-1.6145088E-5,-3.8515623E-6,3.927674E-6,5.211579E-6,-7.714893E-6,-1.091607E-6,-6.5797184E-7,-5.028755E-7,-2.0930147E-6,noise
-1500.0,1.4471112E-7,9.967915E-6,-1.457792E-6,-1.6145088E-5,-3.8515623E-6,3.927674E-6,5.211579E-6,-7.714893E-6,-1.091607E-6,-6.5797184E-7,-5.028755E-7,-2.0930147E-6,noise
-1500.0,1.4471112E-7,9.967915E-6,-1.457792E-6,-1.6145088E-5,-3.8515623E-6,3.927674E-6,5.211579E-6,-7.714893E-6,-1.091607E-6,-6.5797184E-7,-5.028755E-7,-2.0930147E-6,noise
-243.07066,-4.1109123,1.777501,-2.6290307,2.4211252,-2.7305741,2.7599797,-2.9631815,2.0972352,-3.5592508,2.3506708,-2.8666716,2.8429446,noise
-210.4096,-1.4071323,-0.39595488,-4.8891354,3.0079167,-1.6054305,3.978418,-7.4469266,-0.4083015,-6.718482,4.2043533,0.7491745,2.1933253,noise
-192.76872,-0.17078471,0.46741617,-5.252642,1.7700967,-1.246397,7.7443633,-6.250958,0.2597791,-7.639126,3.0969207,-1.3036914,1.0080216,noise
-174.69437,0.19954152,-1.897193,-4.5948033,3.5106878,0.7013573,5.354083,-6.217994,0.53646713,-5.994723,3.7580962,-2.1093948,0.9083547,noise
-142.49104,4.8526554,-0.7683575,-6.5813994,0.90893584,-1.5193255,5.9136267,-7.476372,2.3277237,-5.740903,4.0181785,-3.577284,1.095232,noise
-122.26359,1.3082988,-2.9048295,-7.717867,0.6311081,-3.608188,6.348495,-4.4815784,3.476457,-5.8862877,4.622112,-2.8019307,1.9037987,noise
-93.276596,2.7464032,-2.5419757,-5.444057,3.1350925,-6.3911405,3.1217725,-4.5134745,3.0059912,-5.4954863,2.293214,-1.180503,2.558981,noise
-74.018166,5.449955,-1.2334551,-3.72356,5.0773687,-3.4382281,4.6929007,-4.488041,3.2722564,-2.393452,3.599732,-3.7205536,1.2996061,noise
-76.378265,4.9926195,0.4887869,-4.673259,4.297338,-5.6726117,2.1735392,-2.2490366,1.6864038,-4.8027496,3.6021507,-3.5391502,1.9086187,noise
-68.33731,7.4519773,-0.74263376,-5.837767,2.2583969,-3.073269,3.313432,-4.055264,2.0280397,-6.0022435,4.389214,-3.3310876,1.8596188,noise
-65.90109,5.8670325,-2.3049598,-8.062657,3.3995702,-2.7793736,6.1657834,-5.7954245,3.4741642,-1.725778,4.8991313,-2.137518,1.0954906,noise
-68.11179,5.701612,0.09362628,-7.293537,2.7887113,-5.5437703,4.7762365,-4.086046,1.941259,-3.1777823,3.1816256,-3.2596073,2.1370463,noise
-68.71709,3.6615913,-2.7497118,-6.0703363,3.650403,-7.291228,3.9489486,-3.5454528,4.145336,-2.211615,5.652664,-1.6109641,1.5902065,noise
-67.78031,3.761475,-0.47537774,-5.2935,4.81059,-6.6353307,0.42918548,-1.7808069,2.8929806,-3.3883452,4.1075644,-4.98792,3.0931478,noise
-64.727684,3.4537573,-3.5794191,-4.6839423,1.2353858,-5.931177,3.08292,-1.4218389,-0.115514696,-4.9225917,5.796495,-3.665125,3.1480582,noise
-69.87762,6.314266,-0.0064225113,-6.225733,5.376017,-5.6973186,3.9059103,-1.7856376,3.011708,-3.4102721,5.1568027,-2.6430175,3.780097,noise
-71.381226,3.1696825,-1.59823,-5.4372387,1.8938155,-4.297806,3.9452758,-4.131727,1.693549,-6.0447025,2.041764,-4.8435373,2.3156734,noise
-71.262695,1.8867311,1.2938143,-2.9447227,2.2534683,-4.829177,4.8413777,-0.18108661,3.6493437,-3.6561217,4.4019704,-2.5150802,3.5583441,noise
-73.10636,1.2046031,-2.4095132,-3.3932197,4.556718,-2.6197596,7.179219,-2.049895,3.6389387,-7.509053,2.817174,-3.087675,2.415502,noise
-70.59932,3.3001592,-1.3625952,-4.832722,3.7540543,-2.6205919,2.447592,-5.316026,1.7817723,-6.6558022,3.4970315,-3.5123336,3.7282815,noise
-65.00546,3.4764395,-2.7438712,-3.33363,6.429708,-2.3903058,4.148297,-1.6655494,1.6824493,-4.210451,5.17181,-2.7274966,3.0558803,noise
-69.16145,7.5792856,0.0019425077,-6.9733276,3.7825322,-4.0711536,1.5570647,-5.506135,1.0561612,-5.6666036,5.5200815,-2.069059,3.6428893,noise
-68.06662,3.0378137,-2.412542,-3.5246625,5.791189,-2.139411,1.1185426,-3.0387971,2.673734,-6.1275063,4.175642,-2.1261573,4.8606205,noise
-71.33419,2.7305117,-1.437492,-5.364999,6.999459,-3.2733247,-1.099574,-5.070057,3.204227,-3.3557234,4.959568,-1.1720521,4.542271,noise
-66.55578,7.6223717,2.6410267,-4.639081,4.75117,-6.8657126,2.8335264,-3.3387814,0.9523071,-3.6551886,2.4899917,-3.2037508,3.227289,noise
-62.523537,6.236788,3.033017,-3.7132268,2.9517076,-7.9333487,1.3118346,-0.16026661,4.4911947,-5.073147,2.9836514,-3.7479522,2.0117521,noise
-71.00392,4.3838353,-0.09141865,-5.311316,4.093794,-4.136075,3.5204742,-3.6105392,3.387959,-4.1587505,3.4507356,-0.39583698,3.835653,noise
-68.11885,3.4070046,1.2678832,-4.950852,3.7764306,-4.0393696,-0.43944395,-2.5573778,5.176387,-7.6254187,3.737802,-4.036139,4.1037292,noise
-69.545204,3.4450626,-0.09891618,-4.280689,3.126449,-2.3138206,3.9161668,-3.754097,4.801306,-5.5603967,4.0830398,-4.808216,1.5134668,noise
-72.516785,2.6307745,-1.3868375,-4.769016,3.5331328,-2.4403126,2.3900309,-1.6924685,4.2854023,-2.8869922,4.071283,-5.4117584,3.7654915,noise
-71.85769,4.4333286,-0.7358959,-2.0646596,3.3411734,-7.0746818,3.0137706,-2.9632785,5.279638,-3.8856566,3.4155858,-5.339207,2.3149974,noise
-73.5531,2.5591161,-0.16024716,-5.073288,4.3740377,-5.753647,-0.15188906,-2.1220436,7.1016264,-3.309499,4.567133,-2.9012249,3.8430486,noise
-65.952545,5.0872445,-2.231635,-6.491353,1.9746441,-7.317878,2.8868768,-4.81063,4.9996834,-4.243849,7.536366,-1.7730336,1.064389,noise
-75.202576,5.999845,0.9151361,-7.8794074,3.9612908,-5.5637865,1.0591648,-5.205309,5.6242948,-2.8269982,5.472288,-0.18463755,3.411888,noise
-73.7746,3.2594764,1.3547109,-7.2699,3.123469,-2.8426845,1.1633433,-4.3634048,3.2772162,-6.8443813,2.4843116,0.069116525,5.144433,noise
-71.67983,5.011297,-1.4525542,-5.641913,3.8478677,-5.734119,0.20705605,-6.67397,2.2922761,-6.2031674,3.781764,0.41682097,5.9825253,noise
-70.10312,4.0785785,-0.8102522,-4.7664084,4.945004,-5.91565,2.8877683,-1.506544,4.946111,-5.1650057,3.9817019,-1.2605414,1.7918143,noise
-68.296196,3.9291582,-1.8165467,-4.2194033,3.5256798,-6.4594216,4.1008415,-1.9411999,3.6681938,-3.5960646,3.6355007,-4.0271926,3.731981,noise
-73.935326,0.97245187,-6.132014,-4.460022,4.6910934,-5.023262,3.3668633,-7.917258,-1.7090412,-4.2583766,5.1324925,-2.3469405,6.481656,noise
-71.2771,3.8346972,-1.8943989,-2.5783668,2.5881488,-4.716354,1.3899753,-6.549406,3.072271,-4.93497,2.165232,-3.3915834,4.6254973,noise
-67.28571,3.5709765,-1.8869807,-5.4205236,3.235757,-5.6237736,4.3367324,-4.1339693,1.9199075,-5.693692,2.6752758,-3.3998249,4.7805166,noise
-66.40082,3.4188015,-1.7934493,-6.989407,4.6621923,-2.3119211,4.706862,-2.9813068,2.8777597,-3.896216,1.6061653,-2.3781624,4.6311555,noise
-67.36762,4.195956,-1.897821,-5.567338,4.2857275,-6.811271,2.9078438,-4.7047973,3.8286586,-1.5691788,4.2764044,-1.7906196,6.041924,noise
-66.148445,6.6964273,0.91416836,-4.724099,2.6171923,-3.4024837,5.321494,-3.1879656,1.727169,-5.4677143,2.8905356,-2.9973276,6.645908,noise
-70.16738,4.3700223,1.0100877,-4.3223906,6.044668,-6.964008,2.754622,-2.718287,1.8303453,-6.5901313,1.0814732,-2.424356,2.721511,noise
-69.41604,6.3682346,4.449208,-5.133231,3.9834754,-5.3447747,5.698991,0.51414967,6.2083244,-4.095943,2.6761498,-1.4173193,4.1426263,noise
-72.56574,4.538534,1.1312691,-3.5393991,4.052782,-5.862475,4.200161,-4.2619443,2.7816584,-2.2872317,3.005167,-3.8456593,4.2833123,noise
-71.7076,6.2593265,0.8068473,-4.2240915,5.5739307,-1.5232471,1.6168371,-5.6952877,6.359958,-5.5498238,0.7177541,-2.581909,4.47327,noise
-71.41341,7.340942,1.4987779,0.32424995,6.2979217,-3.7272327,4.4850473,-4.185629,2.8460388,-8.523531,1.819284,-3.4105122,5.0283885,noise
-72.62587,1.5191182,-2.6204586,-6.1868806,3.7589617,-3.5805595,3.9846838,-5.2091446,0.51590616,-8.6752405,0.8780718,-4.9836316,2.8717947,noise
-69.042465,6.08945,-2.1646705,-1.4740356,5.495604,-2.534494,5.7215757,-4.525009,1.9120076,-5.110974,0.9144052,-4.1372404,5.495011,noise
-64.93563,5.6602626,1.1188843,-4.128854,6.4756727,-2.1189325,6.239638,-5.308991,0.11603344,-5.5314126,1.7108116,-3.0206356,4.439208,noise
-74.56527,6.4234457,-0.71651596,-1.6510015,3.316414,-2.137984,5.4900417,-6.7290535,2.9059687,-4.2247667,5.159422,-5.120147,4.8452945,noise
-68.014755,6.2789197,3.4248757,-2.0941806,3.3734457,-7.743523,2.4904602,-3.475663,2.164004,-5.952831,1.5458148,-3.607285,5.0139165,noise
-69.105865,4.4507957,1.580779,-2.2644355,4.910322,-5.30705,1.9781274,-3.739642,2.7367408,-4.711866,3.5985715,-3.1032116,4.2913795,noise
-70.22875,5.2270494,1.2453216,-2.927162,4.1602345,-2.9658794,3.979173,-3.883299,1.8103335,-4.5205517,3.6267161,-4.036588,4.2948866,noise
-70.41359,4.9480367,1.6041497,-2.480458,1.6451579,-5.4888744,1.3837442,-2.8212333,2.5733607,-3.8570795,3.7175913,-5.9615335,5.840679,noise
-67.68228,3.9971025,-0.6918001,-4.3874664,3.5119843,-0.39509934,6.9362288,-3.0309823,1.0031315,-5.416204,2.6754978,-2.4126418,4.888392,noise
-71.15414,2.931227,-2.0101552,-2.5713983,5.3573923,-2.6258564,7.0372553,-3.6082308,1.8428041,-3.7526784,3.2747967,-3.8711572,4.7645125,noise
-67.65736,6.6159043,2.990463,-4.189448,4.8821354,-3.0747514,2.7761557,-4.21562,-1.6145687,-6.436543,5.5072117,-2.6640239,4.901626,noise
-74.58313,3.7810247,1.8421863,-3.5288756,6.4378557,-4.1275644,4.5447364,-4.0820146,-0.81928796,-5.1070843,2.7257292,-3.0194156,2.4995136,noise
-71.43617,4.499855,1.18146,-1.0626308,7.157098,-5.649127,4.8781276,0.19642526,3.7893784,-3.9403634,1.1760056,-4.1730804,3.9796085,noise
-74.19288,4.035837,1.2187743,-3.424405,2.7316883,-0.5573506,2.7502658,-5.309623,1.4309746,-7.276804,1.657867,-2.302015,4.2744923,noise
-73.098236,5.1345477,0.5252301,-2.3043454,5.246703,-3.158939,5.3349295,-3.8667905,1.9979523,-4.8261523,5.0288057,-4.1543746,3.531582,noise
-74.61089,3.9999313,3.4623199,1.162669,3.609094,-5.741136,5.7246394,-4.22729,2.5407023,-7.0167027,3.0602314,-1.7094469,3.8232763,noise
-75.2436,1.3496779,-1.0724537,-2.4991603,4.613789,-5.0172615,5.1801224,-3.4965658,4.382549,-3.7656846,1.5674815,-2.0482402,2.4139566,noise
-76.09926,1.8796978,-0.9492465,-1.3803487,4.520259,-4.4604077,6.258943,-1.1404088,2.225336,-4.0381103,3.4367764,-5.711336,4.445681,noise
-71.89423,3.0452774,0.24118556,-2.7561195,4.1015196,-2.1303697,5.6755033,-3.600069,2.6085775,-7.41783,2.382916,-4.1750884,1.332342,noise
-72.57154,2.630089,-1.7326263,-4.3268285,2.202208,-5.610252,1.3881403,-4.554948,4.0642705,-3.97713,4.9918714,-3.9701045,3.6414125,noise
-76.48303,-1.5047435,-4.3386745,-7.7638464,1.7141024,-4.68293,3.397548,-3.1340752,2.3687527,-2.7393358,4.749307,-3.3669062,2.5596478,noise
-70.51042,2.6041617,-1.1040136,-5.485536,0.7246738,-4.9780207,7.248706,-2.2720559,1.8142035,-5.861671,1.5940974,-0.8396045,2.4990268,noise
-70.99019,2.1434507,2.8689718,-2.8663929,4.0460443,-4.3639827,3.7603528,-3.6261797,0.32366395,-5.3955874,0.020914726,-4.8193817,1.0218353,noise
-69.99138,-1.0984328,2.6808279,-3.705075,2.7655134,-1.1448783,3.804874,-0.030945722,1.971676,-5.346278,2.2531705,-3.5857663,3.9762442,noise
-71.70508,1.8380181,-0.22946508,-7.3269095,2.7915008,-2.900223,4.11008,-1.8955964,1.6325685,-4.617876,1.7212937,-4.4449816,2.9137468,noise
-66.258804,2.855672,2.9166682,-3.1597316,3.1217506,-2.0371988,7.1307435,-2.6450229,2.6436267,-4.602634,3.2148168,-3.5456803,0.7391361,noise
-69.69667,2.6932175,2.8709304,-1.6658146,5.1738253,-1.6470861,3.9220424,-2.1572838,2.6499417,-6.0212445,3.4711227,-2.468424,2.265614,noise
-72.36146,1.5813128,1.5581696,-0.9670649,2.407996,-4.887708,2.6776416,-2.5340369,3.883398,-5.0489597,1.4173188,-4.5869236,5.1240687,noise
-69.57379,1.065506,1.1335402,-3.6814315,2.518162,-3.4415212,4.7325053,-1.5083058,0.44435316,-5.7656493,1.3491645,-1.8964118,1.5209894,noise
-71.52679,1.9478852,1.6169331,-5.579683,4.023664,-3.0798092,0.5773667,-1.5940441,1.4586922,-2.3709388,2.4832814,-1.602957,2.765438,noise
-72.91548,-1.3662708,1.6294471,-5.0430675,1.1123084,-3.9069154,4.887998,-3.7032933,2.553285,-0.7309994,2.545323,-2.9333196,0.91363317,noise
-70.00635,3.361461,4.004738,-1.9972703,5.7702646,-0.9480227,5.1939945,-0.573194,2.8900554,-5.4945025,0.6130298,-6.987182,0.9550399,noise
-70.06696,3.10087,3.1020722,-1.7229944,2.8987856,-2.5060287,4.255539,-2.1240125,3.0910664,-5.047093,3.7286844,-6.473358,3.2702377,noise
-69.47351,5.465194,1.5315622,-5.708811,5.1383767,-2.1241324,6.6026015,-2.4864492,1.2725705,-4.2380905,3.2363567,-4.804286,1.7746336,noise
-73.39319,3.8895378,4.643982,-4.106824,4.6842136,-1.954053,4.842171,-2.3014367,4.8506923,-3.9355314,1.1646187,-4.5936065,1.9709733,noise
-71.05577,2.2373464,1.2692467,-6.2620683,3.3349173,-5.214674,4.6681385,-2.868434,2.6064847,-4.3356323,2.455013,-1.6966555,2.6084282,noise
-74.93226,3.642541,2.8223016,-6.027966,3.835806,-1.5184385,5.3036504,-6.785711,1.988788,-7.7393317,1.6077162,-5.650192,1.7016346,noise
-75.53245,0.9703046,5.9186106,-2.418816,4.8969216,-2.4036763,2.54329,-5.1913524,3.3253844,-2.5719435,1.9145179,-7.1361914,0.7309613,noise
-65.200485,4.7402534,2.5632787,-2.8979075,4.975778,-4.7111244,4.4407163,-3.7859032,1.3665447,-4.7177935,1.8429486,-6.9063997,1.614373,noise
-77.543686,-0.55227435,0.5024325,-3.0833979,4.707888,-0.25556016,7.001592,-5.262958,2.325885,-5.8205323,1.8056312,-3.8161278,1.1765844,noise
-74.14699,1.6304059,2.0930877,-2.7267623,4.1687975,-2.4326313,4.5679445,-4.000187,3.269036,-5.337246,0.81260884,-3.6445804,3.0003815,noise
-70.352295,1.9164348,0.27760303,-5.0768247,5.444341,-2.110831,5.2206173,-4.548706,2.19173,-2.8849823,1.4168167,-5.0527444,3.5334308,noise
-71.22992,2.3977993,1.8104976,-4.1699433,5.5117397,-0.937043,6.444601,-3.6901798,3.1600661,-4.7399073,1.3085885,-3.9115553,3.214714,noise
-69.86863,3.6004987,4.9594617,-1.386276,5.2758245,-4.5077696,3.363689,-3.9878955,0.19808501,-4.0207744,0.88778526,-5.636044,2.8081527,noise
-73.62385,1.6905247,1.798839,-1.3983674,5.2262583,-4.269514,5.996261,-2.222279,0.7742663,-5.1053185,1.7177246,-3.9010186,1.8475616,noise
-70.90895,2.528731,4.1412153,-4.253589,5.5174894,-2.5034199,4.9162073,-3.4121025,2.1671047,-6.0333834,-0.18695123,-3.360071,4.0414567,noise
-68.71309,2.9359596,0.83639216,-2.12229,4.7002535,-4.800279,3.5208054,-2.1783226,2.731537,-4.116929,4.0242524,-3.50368,2.8082414,noise
-74.243324,1.4973469,2.613801,-2.3642626,3.0979404,-2.604813,2.2115347,-5.3492775,0.42650223,-4.72607,2.92046,-3.1781898,0.85767686,noise
-69.49591,4.0412846,5.2654934,-4.748293,5.3387504,-2.7686632,5.9474206,-2.4654021,0.54367584,-1.5322927,1.9960586,-6.5144525,0.89958984,noise
-76.47369,-0.856726,5.0739117,0.9231317,8.697603,-3.6829414,3.3795516,-4.8101935,1.9461342,-5.4707766,-2.2670107,-4.516965,1.3658919,noise
-73.105,1.9346524,4.2773356,-0.7438046,5.079976,-3.5606651,5.0975904,-3.3295026,3.396237,-3.5297792,-0.3848969,-4.498725,3.4334733,noise
-72.88125,1.7594185,0.971806,-2.3100135,1.4600708,-2.6058002,5.3832436,-4.5655375,1.8879827,-6.067981,0.7388757,-4.718444,3.351875,noise
-70.26974,3.7066717,0.015725054,-3.6504776,5.30746,-1.4996915,4.2853184,-4.899378,3.9147308,-5.075906,3.8712165,-1.070991,3.265959,noise
-69.72964,5.2298775,2.6687918,-2.6943018,3.3246422,-0.7729589,5.7346244,-3.1331573,1.6243039,-5.0867734,2.3226779,-4.677142,3.9171376,noise
-72.956535,-0.06257789,-0.88171786,-6.60826,4.6509633,-0.5878142,4.5924907,-2.9570744,1.2001168,-3.4668386,1.7585615,-7.207245,4.3276653,noise
-71.53738,0.08853518,0.885744,-4.474345,1.8619059,-1.5904682,6.3224106,-1.9795631,4.361108,-3.5299106,1.7805778,-4.6826015,3.3255918,noise
-73.16487,3.3229809,2.0686455,-4.238045,4.0590286,-2.1243968,5.456881,-2.5258188,3.9649978,-6.5293765,1.1221944,-3.935833,4.811067,noise
-68.24828,4.55228,3.1437383,-3.148479,2.912173,-3.6065679,4.663575,-3.464506,3.5441577,-7.5888443,0.2587733,-4.1279855,4.040408,noise
-70.130005,5.4093547,1.0961696,-4.5332866,6.737479,-2.27413,3.3915067,-2.48043,3.5172675,-4.215844,1.6969737,-9.3960905,3.1267831,noise
-69.95388,1.8539468,-0.5043463,-5.457032,1.4499,-4.856677,5.0958834,-4.0496902,4.8597345,-3.4568381,2.7098951,-5.63407,4.319189,noise
-70.88813,4.2860823,1.1024108,-2.3032959,2.7499883,-5.044851,6.1320286,-4.7328644,1.6322718,-4.9763336,2.640188,-4.1947713,2.4559565,noise
-72.27885,5.0142074,3.0893795,0.299669,5.156183,-4.9631586,5.170004,-5.284558,4.255634,-3.761007,3.9882236,-3.3839345,4.494956,noise
-75.87775,2.4376335,3.903437,-0.9381538,5.1083922,-2.6881835,6.083357,-3.8712697,3.6191528,-5.088603,2.9870572,-4.36187,3.4073446,noise
-70.09348,5.7070875,5.8937664,-1.9956701,4.296355,-1.5381892,5.114857,-6.858565,0.54035234,-4.188475,4.6779103,-6.7578387,0.82820624,noise
-75.65371,2.6098907,2.84108,-2.1756587,5.1125455,-4.50682,7.086422,-3.8442578,4.328464,-1.6157995,3.2963374,-5.309559,3.3136857,noise
-71.90742,5.0706687,3.2852905,-3.2877207,1.7125298,-5.0045958,4.663467,-5.4683275,4.490075,-1.4026062,4.7370534,-6.643422,3.960159,noise
-73.090904,4.2715306,2.0383794,-3.264552,4.2626905,-3.9772966,6.6270776,-2.5921743,2.9516096,-4.4613533,6.5456824,-6.6448,1.7563406,noise
-70.943924,4.2229257,4.0284376,-2.0533688,2.711723,-7.3735723,2.4366574,-5.6958,2.5981686,-3.105073,2.911139,-4.112422,3.7862399,noise
-71.83894,5.873885,-0.3488291,-2.641566,4.543299,-5.345239,4.283096,-4.0616302,3.480813,-4.633086,2.630494,-5.9870048,4.4604754,noise
-71.82589,4.4487815,4.1387877,-3.1754942,6.3594885,-2.4847481,3.3337548,-5.9477696,4.42037,-6.040476,1.8160325,-5.3243217,2.4396684,noise
-69.753525,4.4741178,0.5734751,-2.5733068,4.805952,-3.6579711,4.8884115,-5.450863,2.7558281,-7.3442073,3.4923413,-4.3656635,4.204595,noise
-70.153915,1.9106536,-0.9559787,-5.8180547,2.4522893,-3.38461,5.3275175,-3.6317785,3.301097,-7.5748954,2.625928,-4.958937,3.1389651,noise
-48.423885,9.344316,-0.5769756,-12.704707,-1.7669208,-4.139972,7.330832,0.30631238,4.7850895,-5.830855,2.9027765,-5.224402,6.4582705,noise
-48.00007,6.4596806,-1.8220723,-11.162396,-0.55674136,-2.7372668,9.124678,0.8013492,2.3820257,-7.5693455,1.0075215,-6.227176,6.825051,noise
-53.72842,7.435625,0.7651574,-10.672735,-1.8930348,-1.1351818,7.093764,-3.9831138,2.4287906,-6.7687407,2.476662,-5.76696,4.819572,noise
-57.351933,8.662978,1.3432422,-9.407277,-0.43903303,-2.6409316,9.787632,-0.24373063,2.9772205,-7.254439,-1.901834,-7.2892094,5.6205378,noise
-61.237732,7.601351,-4.5191984,-10.6960125,-0.11411739,-4.823475,7.6070466,-4.6235585,6.4799795,-6.845517,-0.39275736,-6.1780586,4.263273,noise
-60.54897,10.378315,-0.49093986,-10.740099,5.0241127,-2.5714774,8.339848,-1.8592825,2.046178,-9.288406,-0.44354534,-7.663929,3.2253838,noise
-63.83169,9.572164,2.4560914,-7.6632266,-1.3635628,-4.150216,6.514012,-4.1555147,3.5321693,-8.708536,-1.4155002,-4.117124,3.7342575,noise
-66.748184,5.015505,-1.6662185,-9.538249,0.65547764,-4.6910667,6.499969,-3.1290777,0.94298846,-7.540997,2.1620576,-5.0794845,4.4307694,noise
-65.361305,6.3215384,-0.2608835,-7.218432,4.0722976,-0.3519181,7.27788,-4.0371537,0.5250201,-6.8357453,0.086128764,-7.5789666,4.205957,noise
-67.06273,7.5221,0.6874778,-2.4645228,3.8766296,-2.9766033,8.7815075,-3.2071426,4.923498,-4.0602417,1.3551894,-7.676605,3.865139,noise
-73.8183,2.7689729,-3.627986,-7.21407,1.5952631,-4.2287645,5.8331146,-4.2152147,4.4422555,-7.390428,0.26932734,-3.6310983,3.277011,noise
-69.64316,5.0867386,-0.37315488,-3.8710606,1.81033,-3.788055,6.673566,-5.134943,3.1525512,-5.6977553,1.1487346,-5.3323927,3.6089308,noise
-68.96958,8.442935,0.2774099,-5.344906,4.7607884,-3.3891792,7.593793,-3.873085,3.1255493,-5.8453608,3.0043886,-3.7014728,2.5733128,noise
-66.78541,4.3570385,-1.0581251,-5.7235446,4.1183167,-1.3574638,5.93209,-1.1870184,3.9367251,-4.426712,3.316606,-4.5099945,3.86204,noise
-71.44832,2.9891849,-1.3966509,-3.3882313,5.9882545,0.18200812,10.627111,-0.40156206,3.7935603,-5.411197,2.6611474,-5.5128503,4.014964,noise
-70.20334,3.1323907,3.2407033,-2.0716472,4.124684,-1.5837392,5.756074,-3.4955142,5.666209,-4.300426,1.8104086,-2.014435,6.9846535,noise
-73.04279,3.6574936,1.5821642,-4.747046,2.5562198,-3.1204255,4.958749,-4.726051,2.7901797,-5.743099,2.5653014,-2.6502986,2.3194246,noise
-64.38787,4.5509477,3.1282227,-3.6756833,1.5165988,-2.007896,8.268334,-5.6478405,-1.4488121,-5.93774,3.9074802,-3.3722157,3.0432482,noise
-71.46502,3.0216794,-0.44927046,-2.5735302,2.5654125,-2.667395,5.7874317,-3.0320153,0.7201535,-8.485705,4.2580366,-5.169903,3.623962,noise
-68.77822,4.1919065,0.8272949,-0.32939854,5.691628,-4.0307016,3.9712005,-3.7981846,3.3754323,-7.576242,3.2763376,-2.8689718,2.7593217,noise
-68.41556,4.3088217,0.5341923,-2.8781602,2.9373071,-2.7735562,7.1641674,-4.9889216,4.3186984,-4.809263,1.9820426,-3.4634407,2.465714,noise
-66.25345,3.7532766,-1.4697096,1.9663017,7.5922527,-2.3412611,6.0204797,-5.468649,3.4126842,-7.2740836,2.002746,-0.3035618,4.348227,noise
-67.773796,4.5397935,-3.4875069,-2.8756342,3.8887758,-2.930808,3.5508518,-3.9094937,3.9340708,-5.680529,0.15649116,-1.7373289,5.564134,noise
-69.18879,2.6760645,-1.6135627,-1.3382566,8.628508,-3.2704246,6.5515614,-2.5713987,2.7279522,-7.664724,0.21980491,-0.6559763,5.9023027,noise
-71.75376,1.4118817,-1.3691876,-1.3694569,5.7328625,-0.66556823,7.1923046,-2.053923,3.4008415,-6.4271965,3.1358852,-2.9856298,3.7993522,noise
-74.08875,3.4996672,-3.629665,-4.9616055,4.1768856,-4.499151,7.481481,-2.0617392,1.715642,-5.9091163,2.1621864,-3.4326682,2.9439402,noise
-68.91966,3.4251852,-0.17948022,-1.67522,4.988623,-4.688788,6.1452723,-4.447973,1.9907708,-4.6369486,3.432569,-1.3160938,3.1780775,noise
-66.946495,3.7986462,0.058502443,-1.8059573,3.971798,-4.6939216,6.900642,-3.0335429,0.3521938,-6.0189486,0.38722083,-1.9122598,4.453443,noise
-70.572136,4.4780426,1.8515285,-1.12098,5.8137174,-7.844557,4.6227884,-1.8281078,1.916543,-5.205202,0.6734301,-2.488154,5.593816,noise
-69.91563,4.8517437,-0.7572361,-4.8107004,6.243071,-5.6300373,2.1204686,-3.850101,2.3312304,-5.4483495,2.1458952,-1.6084981,4.7932158,noise
-68.91536,5.198907,-0.44271687,-4.10791,6.868815,-1.9821371,2.5425794,-6.2320986,2.3622136,-4.8782916,5.6123686,-3.4463782,1.9625216,noise
-70.25612,4.3893995,1.7655772,-1.967906,6.86228,-2.624044,3.7766235,-2.470503,1.6502752,-6.4757857,4.7091846,-0.78244936,2.6610124,noise
-66.90538,4.010961,-0.061323714,-1.885133,4.682989,-5.5722284,3.7453742,-5.672379,1.0145679,-5.5733714,2.508136,-3.6956275,5.6280103,noise
-68.513084,5.9672394,-0.5187736,0.42501688,4.059855,-3.2716756,6.187562,-4.9604273,4.0721917,-5.7865324,2.7524953,-4.0247245,5.200523,noise
-72.91105,4.342349,-2.9295077,-0.3144333,5.694817,-2.4657874,4.1585274,-5.839805,2.3062751,-5.300132,4.7259765,-2.7306807,4.988639,noise
-75.32712,3.5547178,4.137347,0.5144824,8.053966,-3.7642434,6.269029,-2.1442516,0.81581753,-4.3043475,4.153596,-7.2347403,4.8147774,noise
-69.83106,5.1641836,2.8172057,-2.0262413,5.130508,-5.1106853,4.9237747,-2.243348,1.4121339,-3.959666,3.2020931,-3.0794108,4.5527368,noise
-75.33626,1.6879425,1.8522085,-3.6575785,3.90127,-4.7332487,4.0851374,-1.2512134,1.0011579,-5.55827,4.3996363,-4.1976953,2.3270135,noise
-74.6387,2.3988159,3.3321667,0.4280207,4.0842314,-3.796422,2.9558444,-4.5839715,1.8634915,-6.23349,2.1456978,-5.6770024,2.4747448,noise
-75.361244,2.9988356,-0.8214685,-3.6999943,5.4943404,-1.7349964,4.769427,-3.7429104,0.2904568,-6.487558,3.1082432,-4.6289134,1.9368649,noise
-79.76801,2.9165156,3.1243303,-0.5312061,6.7129226,-1.0765601,7.4503455,-1.0608358,2.9687912,-6.8768516,1.8453059,-5.5713882,2.521677,noise
-69.7217,4.3180594,1.918707,-1.1985661,3.1733184,-1.7552278,5.660002,-2.0187185,3.101573,-3.7660904,3.2411828,-4.9633594,4.480976,noise
-73.48716,4.797479,0.82948935,-1.8409197,4.8699665,-5.709861,3.93722,-4.723179,1.5338545,-4.7575474,0.96102154,-5.9230905,3.0660515,noise
-73.883736,2.6737866,3.755556,-2.3884356,3.2712727,-1.1066171,5.7157574,-1.8472427,3.3954468,-5.079318,1.8721999,-5.435767,3.9769406,noise
-72.391914,0.03895,0.10857203,-4.865721,3.072071,-3.380576,5.4422126,-2.9659958,2.3368912,-5.750919,3.335705,-2.3017545,2.5628715,noise
-69.93879,1.2249649,3.0796752,-2.2442694,4.654703,-2.3345938,5.456962,0.31191713,3.543724,-5.8462696,2.639669,-4.718217,3.626787,noise
-74.23403,3.4098248,0.14160532,-2.3156734,5.563395,-4.3941236,4.0764227,-5.3906755,3.4502788,-3.5827088,4.820391,-4.7117925,2.6287289,noise
-73.32011,3.4789958,1.9928825,-1.9837508,6.493669,-2.9362404,5.0434794,-4.1504354,3.3085659,-6.8674207,2.2352555,-4.8479743,2.3381188,noise
-74.01791,3.165945,-0.0015906441,-4.4126363,5.0801725,-4.436961,4.987098,-4.3264303,1.3267584,-4.5861106,5.320092,-3.9513307,3.9653373,noise
-69.878876,1.7908223,1.6422348,-6.510452,6.6125627,-3.7853785,3.5026295,-2.8706317,3.739097,-3.7469192,3.2708907,-3.7596478,4.8104205,noise
-77.392426,2.6830075,-0.3384542,-2.816276,7.5804396,-1.6349874,6.1369467,-5.262378,0.15820403,-9.229104,3.1762536,-4.2750983,2.8823452,noise
-74.028145,2.4741437,1.9577228,-2.1707006,6.744849,-3.6506944,5.821146,-1.6679561,1.5904173,-4.4930267,4.1973596,-3.909495,4.6050777,noise
-75.23438,3.0133605,2.238852,-3.7612379,4.4949837,-5.3514886,4.04672,-3.4144182,5.301767,-6.34157,2.557556,-5.0423245,4.7865114,noise
-73.12835,1.3876052,2.5068963,-0.26072398,4.0242753,-5.5551305,5.3372045,-5.403878,2.1836503,-6.1204476,1.6029432,-3.8989608,2.8299544,noise
-75.027565,2.64798,1.0973587,-2.946815,5.2381506,-2.3838775,4.63824,-4.713339,0.8949814,-6.8207865,2.137437,-7.1245203,4.165902,noise
-77.26258,2.4709053,-0.67105955,-1.2410992,6.9982038,-1.6635875,5.443136,-5.180199,0.12670395,-8.149027,4.825556,-3.8978763,3.121521,noise
-70.841995,1.1318207,0.082571514,-2.2996943,5.6558423,-5.3003182,3.6728835,-3.9130013,3.8912327,-5.7308855,0.9268933,-3.9742866,4.9686832,noise
-72.15811,4.4705024,4.421208,-1.3809606,2.2252924,-3.2969742,5.4265547,-4.23172,4.784615,-7.1462026,1.9085498,-5.74008,2.5342124,noise
-73.39744,2.7995453,0.78240854,-3.8599124,3.7451854,-4.2861037,5.3994837,-4.1312547,5.787286,-5.713934,3.6087937,-4.2891107,2.9336584,noise
-69.16397,-0.007961996,2.7977412,-2.97068,2.3341656,0.56378734,6.630356,-3.1795154,3.40255,-4.1510553,1.964761,-5.645955,0.9669261,noise
-70.26852,3.088864,0.2955398,-5.327703,2.3022258,-1.3808788,7.828113,-3.3397214,3.097479,-8.202974,4.1953473,-4.0819554,1.5772364,noise
-68.94505,4.354541,0.5656596,-2.6991503,2.953755,-4.160841,5.0018215,-1.7071649,4.075954,-5.6194673,4.42114,-6.170324,0.81279516,noise
-68.63298,3.8532906,2.4267905,-3.268008,0.632421,-3.0712419,5.433326,-2.816068,4.1096063,-4.4866605,4.661239,-4.4704337,1.189289,noise
-70.54011,5.2814264,2.1676013,-3.3416736,2.9283853,-4.0048933,6.231096,-1.0612249,2.585264,-6.0294604,3.0580297,-5.567964,3.9305685,noise
-68.08807,1.907161,3.2471318,-6.306165,0.4902359,-6.7430534,4.5633354,-3.6345499,2.871674,-2.587807,3.070012,-7.781287,1.4021838,noise
-75.04294,1.2021408,2.3258517,-6.541026,-1.1254983,-5.2686577,5.645675,-1.3291291,6.273937,-1.808914,-0.117428206,-7.782228,1.7735282,noise
-69.72282,4.3967066,1.4696635,-4.370798,-1.0281209,-5.893575,3.7114234,-3.5439765,3.9952698,-4.16255,4.954988,-2.912753,2.2014935,noise
-76.81968,4.3319325,1.822646,-2.806732,3.1667497,-6.897745,9.9560795,-2.8306851,4.280485,-4.6035705,1.5214206,-4.2587295,1.5681026,noise
-74.08406,2.2008054,-0.78412277,-4.36779,0.7462719,-3.878118,6.7546678,-5.0047193,1.9192601,-2.670308,1.7768673,-3.4416687,8.0600395,noise
-74.47298,3.332663,0.10465653,-1.7241944,3.754336,-5.1938806,4.854758,-3.7317379,2.1638474,-3.9419267,1.9235675,-5.58599,3.5656452,noise
-76.178604,4.816523,0.5562783,-0.52984667,3.6390133,-3.6382127,7.2197847,-3.719507,1.2268137,-6.079089,3.7084625,-5.1839604,2.5705557,noise
-75.72766,2.3124638,-0.27857426,-4.0171623,4.6625896,0.27577806,5.865823,-2.1829464,1.8142487,-7.6034927,2.5718734,-6.8784614,2.9830625,noise
-71.622055,2.1292284,1.1443703,-3.0678399,2.1087208,-2.169565,5.459805,-2.7652335,2.7230673,-7.479102,-0.0147648975,-6.018022,2.6669664,noise
-75.49314,4.158628,0.17381327,-3.3371196,4.2855625,-1.0446082,6.726415,-4.742952,2.6336231,-5.993339,2.9866722,-5.7579536,1.9324628,noise
-81.026794,3.8381681,3.3980684,-6.6018505,2.2172554,-4.724509,3.8297765,-3.860472,4.5888076,-5.364479,-0.3551452,-7.6821456,1.0427611,noise
-72.974976,4.8967648,1.8999622,-4.147836,0.886564,-1.9966794,8.765695,-3.3488052,2.0118468,-4.5389376,4.2943225,-4.128649,2.067751,noise
-76.40749,5.0965424,2.40949,-3.351054,2.9046626,-3.7763913,5.111464,-3.4612901,3.4851763,-4.07267,1.2931615,-8.4525,1.595541,noise
-76.93294,3.674778,4.509349,-2.7472968,4.702183,-1.9055012,2.7757773,-5.645483,4.3428683,-3.5765738,1.6743904,-3.154905,0.33151716,noise
-74.224915,2.5497363,5.0389614,-3.3144934,5.5885305,-1.1011746,3.8994138,-3.7125232,3.2290878,-5.350881,0.9285019,-5.3083816,2.744861,noise
-75.364395,4.4649787,7.0411687,-2.7243655,2.5472214,-1.0846164,6.0661893,-4.5195036,0.64774925,-4.116655,5.009812,-5.692562,3.454442,noise
-75.1946,4.5423555,3.6082995,-4.34912,4.4300704,-2.5114388,2.2704215,-5.376601,5.627783,-5.0037255,2.002714,-4.0155954,2.8600955,noise
-81.59753,2.1467857,0.83147514,-5.5756745,3.8906999,-1.1911695,4.363635,-4.4389615,4.8632174,-3.8104897,4.034592,-5.637865,1.8114833,noise
-78.318855,0.37925497,-0.86294556,-4.4672637,3.9990487,-4.3501296,3.3118212,-2.765751,2.5274453,-3.8278904,2.350602,-7.577134,2.191358,noise
-76.024086,2.6205842,0.9519799,-4.7421937,1.2652001,-2.1203241,5.64909,-7.2973013,-0.455114,-4.867351,1.8578292,-4.2428885,2.4169097,noise
-75.73452,4.58021,1.2040957,-4.3993325,1.3266098,-4.7295566,4.4747896,-5.5916967,2.1955166,-6.453499,1.3642124,-5.3616033,3.6059763,noise
-76.868996,-1.4048123,1.2351058,-2.0169818,3.284866,-1.6433698,6.6026983,-3.6953437,3.3287232,-5.41483,3.12374,-1.6691978,3.8341415,noise
-82.22942,0.1163931,1.5553162,-2.4447231,3.8189843,-2.9567945,6.787786,-3.461809,1.2053429,-3.7336159,5.549631,-4.222935,2.5284085,noise
-77.10347,2.0310442,0.9704757,-3.83737,4.4163346,-0.77700484,3.6415267,-5.3805056,1.6905335,-4.608317,3.93062,-4.7568045,2.5914855,noise
-81.7672,-1.1583644,4.6517406,-1.3106567,-0.69775283,-4.9101777,4.494609,-2.2387955,1.7778531,-5.658887,2.889446,-3.7905166,3.4640744,noise
-77.1727,2.5520508,1.6496,-4.624999,2.3253942,0.5902712,7.5720344,-3.9620109,2.398094,-5.5374703,2.1926222,-5.4765663,0.90330297,noise
-75.29792,3.3877463,2.7977765,0.5151163,3.9139862,-2.7370036,5.3786974,-3.729204,2.3900301,-8.495471,3.241476,-3.3110604,4.179769,noise
-71.843895,4.155862,-1.164803,-0.98672664,5.902873,-5.589488,8.051783,-6.279198,0.8258315,-4.2160964,2.5078292,-3.4163995,6.100492,noise
-75.56678,4.526791,-1.5273863,-3.1455176,3.4354992,-1.8340157,6.506065,-5.201849,3.765141,-4.821552,1.0459294,-3.146107,5.0378885,noise
-75.03495,2.7822633,0.40681127,-0.31107834,6.4518476,-1.7575384,6.5987186,-2.2585192,1.0632956,-6.309693,-0.31106868,-3.7295725,3.5871587,noise
-79.43213,1.9626015,-0.10073985,2.689686,3.6578805,-2.3038194,7.973693,-2.959024,0.8664514,-8.8525305,0.7403539,-4.917857,6.7103214,noise
-75.37923,8.614316,0.1525052,-2.407799,4.326126,-2.649308,6.212702,-4.854654,1.6052183,-4.627907,-0.20547135,-5.052196,6.457661,noise
-78.175865,2.9528105,1.4832476,-1.9638144,3.6393821,-2.5022087,9.232743,-3.0012996,1.5834864,-5.726615,-0.28895578,-5.6704574,4.2623744,noise
-72.280785,3.4486308,0.2232334,-3.509811,3.4538364,-4.5231314,4.0415225,-6.1340766,2.656982,-5.185552,1.8644228,-3.2707548,3.7014422,noise
-75.91245,3.052382,1.4346902,-0.12944865,2.8018465,-0.8555031,9.261306,-5.2597146,2.8055573,-6.773278,2.3199985,-4.218761,4.5888333,noise
-75.71698,2.6291072,-1.2681682,-3.9463723,1.5005696,-5.416575,7.6551404,-3.9532616,2.1604626,-5.426575,0.3791417,-5.680715,1.7327267,noise
-77.688995,3.8839679,2.7092583,-5.3881006,4.3288436,-0.75647813,7.345868,-5.182217,3.385865,-4.8883157,-1.2747533,-6.29152,3.888772,noise
-74.90873,3.03688,1.0189564,0.22788924,6.0271635,-2.770328,5.932933,-4.1404896,3.233732,-4.245117,1.6759013,-6.286582,5.1578245,noise
-76.679,7.445963,1.9923719,-1.8076788,6.5602756,-3.4183023,4.42337,-4.789228,3.183773,-6.3491874,2.3938441,-5.206723,6.657021,noise
-69.51676,2.9982007,1.4760224,-0.0923037,4.814349,-2.0363424,6.1043134,-4.6373568,4.6053615,-4.1025248,2.0946438,-6.6201553,2.9597461,noise
-71.98232,4.4151797,0.721353,-1.6884646,3.1519072,-3.2084413,8.233265,-3.9144578,2.0337374,-5.199589,2.1005166,-3.6661756,4.4347486,noise
-68.967064,3.8682106,-3.5192325,-3.4070268,2.7048633,-3.7745657,3.9967809,-4.279351,0.78479636,-3.534625,5.2193136,-6.4648833,2.6148431,noise
-76.89484,2.9408424,1.521764,-1.9830788,3.0551846,-1.4187202,6.395402,-4.0154815,1.7081779,-3.2585227,1.620735,-5.759834,1.9249746,noise
-79.56593,3.5386188,2.9934478,-1.8227175,6.282407,-1.0982506,4.1676555,-3.5521214,0.9805279,-5.0643196,0.966809,-5.20829,6.007582,noise
-78.33417,0.43658245,0.067349434,-5.364176,4.283109,-2.061015,5.6167884,-3.384567,2.1003149,-4.9636784,3.6161044,-4.914087,3.333676,noise
-75.89152,-1.3558736,1.6898948,-2.832202,3.7004592,-1.0075943,5.7587757,-2.76191,2.5338717,-4.1912255,2.0773919,-6.706883,3.7956936,noise
-75.31926,5.2039843,3.2181551,-3.8595173,3.5536358,-4.2626166,8.676243,-4.0515294,2.8629532,-5.589791,1.1336352,-4.9438186,3.3442583,noise
-80.79342,2.5878706,1.2250972,-0.24949937,2.8482769,-1.6801776,9.48046,-3.0007946,4.0017056,-4.65352,1.4024545,-6.407891,3.166248,noise
-79.28894,2.642442,3.4757822,-0.16660202,7.1110744,-3.159475,5.234919,-8.163089,1.2843549,-4.90372,4.323457,-5.0374417,1.2045584,noise
-80.29809,3.375746,2.7724643,-1.0725994,8.090844,-1.6150105,5.541103,-6.5820665,2.285574,-5.2867203,0.052329924,-5.6596437,4.158591,noise
-76.650894,1.1120924,1.3630731,-0.6444546,5.010154,-2.5497808,4.0744705,-6.4875445,4.0754986,-4.6487203,1.32571,-3.5941463,3.5224037,noise
-79.7388,0.90563434,2.5002613,-1.6343286,5.278802,-3.5278912,3.954436,-5.4501624,4.384495,-4.351687,2.370113,-4.9556527,1.8337768,noise
-80.64115,1.9311485,3.7119048,-2.843211,2.0623283,-4.946972,5.6803913,-5.704398,0.8749511,-3.0673912,3.4158156,-4.527066,1.6021969,noise
-73.151794,3.755647,1.6440809,-2.412692,4.2304626,-1.9967132,5.8845353,-4.732155,0.90722954,-7.1292577,4.071729,-4.9113064,3.9988532,noise
-77.16187,-1.9590533,2.7991266,-0.36897105,3.9282951,-2.135755,4.565064,-4.821452,2.1653092,-7.856528,0.38313013,-4.59941,4.993863,noise
-71.37574,0.9865947,1.2518463,-1.9856659,5.3211875,-2.9033947,2.9571545,-4.420674,0.77141833,-5.8164206,2.535884,-4.861357,3.3800995,noise
-74.504845,3.561189,0.91765404,-0.42474717,3.9840467,-3.0055635,2.9052246,-7.225878,-0.59125185,-6.2449064,1.9866986,-5.6858706,3.3688726,noise
-76.20978,2.5097775,1.824417,-3.1518037,3.7301943,-1.1635534,5.5440435,-3.4348745,4.708465,-3.6750603,2.5848196,-4.8038673,2.235283,noise
-74.16018,3.12757,3.9054124,-0.7243676,3.206668,-0.22125547,3.8800626,-5.449362,3.8815837,-6.0393195,3.7334807,-2.0164425,5.211572,noise
-76.396454,3.706911,4.0065584,-2.1077569,1.490277,-3.1595542,6.18572,-3.2304165,2.3058734,-6.4712796,2.6679742,-5.267475,5.0206532,noise
-78.383766,0.7822025,4.0050716,-2.1415527,6.5797763,0.2850073,2.8070967,-6.061086,3.3004668,-4.359007,2.678274,-5.6222486,2.9979131,noise
-72.63424,0.8525008,1.5116638,-7.0937304,0.48311278,-2.2802439,4.9714565,-5.534932,3.8599808,-2.614106,2.0468118,-5.2504616,4.366499,noise
-76.59237,3.4865322,3.328409,-5.410548,3.26632,0.7306502,3.390296,-4.748117,3.6231017,-6.6327486,1.4655596,-4.917956,3.95795,noise
-75.81627,3.3447409,4.145242,-2.6725705,2.7464888,-1.3956351,5.9637766,-3.4568548,2.0241516,-4.656066,3.1695492,-4.323515,3.4448693,noise
-81.88236,3.0775757,2.9503627,-1.250952,5.176821,-1.4372343,3.7704003,-6.079061,3.5422843,-6.2375116,2.8312025,-4.7427645,1.5617108,noise
-72.13341,2.4375534,4.0826406,-1.3723588,0.82379574,-3.8243387,4.8724875,-2.2091203,3.2994695,-8.831301,1.4163227,-5.3085394,3.987599,noise
-71.289215,6.1781373,3.6979623,-1.5215093,3.7122178,-1.3013313,6.6298666,-1.9627762,4.593785,-7.887482,4.2601986,-6.5536194,1.5195398,noise
-69.665504,3.2946312,2.5977952,-2.156535,3.69831,-1.5537215,5.177477,-4.531824,3.9876463,-6.5265517,2.7007964,-4.1237082,2.6103427,noise
-74.75532,2.9285078,2.9917068,-0.3975001,4.524293,-4.4444323,3.9284828,-6.0078454,3.8681533,-5.814791,4.016077,-3.7935874,1.4588681,noise
-76.00669,3.6101496,2.2069921,-2.2979693,2.1035457,-3.2897635,9.185274,-3.5003214,1.8757493,-3.95469,3.2065163,-4.4279947,4.2936096,noise
-75.904564,1.932177,2.127817,-5.231544,2.3325765,-0.06675905,5.840292,-4.573991,1.9671112,-2.614463,4.131844,-4.572694,5.4278193,noise
-73.01911,1.8428726,-0.90221775,-3.0997221,1.9461253,0.9424335,7.0223823,-6.7771463,1.7734152,-3.6568253,3.327318,-4.2133837,4.8398175,noise
-75.02064,2.8955972,1.1132028,-3.1797948,4.04612,-0.8816675,2.7721972,-4.4587383,4.775892,-2.98332,3.5630777,-1.9398795,2.2148018,noise
-77.21127,3.0499635,-1.0123456,-2.5024002,4.2992096,-1.6754127,5.9409647,-2.9389338,2.7003953,-5.734251,2.512027,-7.1341343,2.9515185,noise
-73.464355,4.312265,2.2078135,-3.1245422,3.79906,-1.8606383,7.074299,-2.627073,4.1767063,-4.034292,1.067314,-6.5183525,2.8934326,noise
-74.9485,3.2855206,4.2151413,-1.2073227,2.6584134,-4.657979,4.7384505,-3.977257,4.8905463,-4.364079,4.050018,-3.2979808,2.144359,noise
-76.82009,1.1520052,2.220436,-2.207177,2.4469416,-2.6886256,3.462579,-5.4902463,2.403846,-4.11132,3.6734138,-6.004668,2.057775,noise
-76.76126,2.1857789,0.34959888,-3.7813923,1.6283516,-2.86337,4.140845,-5.4714947,2.4274564,-5.355039,4.4726048,-4.035967,1.5256263,noise
-77.51324,0.20484024,3.5733294,-3.8106914,3.4348702,-1.6540366,4.3333955,-2.487903,1.0556085,-7.0777693,2.0622354,-3.87322,3.244359,noise
-75.323135,0.21516816,2.4587095,0.2721781,6.53273,1.4906126,5.86699,-3.251147,2.1567812,-8.101365,1.1947852,-5.4970293,3.5262244,noise
-78.762405,4.9264946,2.4658072,-1.3784481,7.1005616,-1.9663202,4.7419558,-4.0927653,3.0529509,-5.0092893,3.6170423,-5.5388713,3.169653,noise
-75.33748,4.2469306,2.631356,-2.0260751,2.2726393,-0.9439731,5.1885014,-1.5247756,2.1080048,-5.8391614,2.7503247,-5.048802,3.6787164,noise
-67.52516,5.5744486,1.1193455,-5.3589363,5.2942915,-3.0996542,6.808099,-2.3990204,2.9802313,-5.867474,3.1911576,-4.4225564,0.43593988,noise
-73.62446,3.9123998,-2.3115408,-2.368225,5.718347,-3.2407,4.236769,-5.1577926,3.2391613,-6.3011756,4.1021924,-3.835999,3.3111267,noise
-76.4034,0.4379365,-3.9310544,-8.244969,4.1920457,-0.084594525,6.620498,-4.2218747,4.521272,-7.320461,0.48084578,-5.9975653,1.3857949,noise
-72.21353,0.9276704,-1.8783072,-5.6657214,7.5203385,2.3693168,8.045029,-2.74353,2.908238,-8.422538,-0.13719787,-6.754127,-1.0146117,noise
-73.57423,6.7477965,-0.89352375,-3.017694,7.41931,0.712636,9.659363,-4.351186,1.1010866,-6.5384135,1.8994074,-6.086869,2.9368963,noise
-74.49749,1.2731601,-1.2573721,-4.9420867,2.7719576,-0.82643723,7.658416,-3.598709,0.7164578,-5.3673453,2.8397696,-5.3776326,2.9462862,noise
-70.42918,0.5777565,4.556888,-2.9666967,4.6683292,-1.3054382,4.8450274,-3.7377827,2.4336238,-7.485799,0.32899174,-4.444744,1.8768829,noise
-76.72709,0.100847214,3.3605142,-4.745268,1.0233952,-3.0036738,5.008754,-6.5227156,-2.0099788,-4.3438663,4.857634,-3.1409347,5.0759683,noise
-74.505714,4.446946,1.0160866,-0.9031579,5.4946604,-3.1668494,5.447381,-2.8932343,2.8247294,-7.6259136,0.28562343,-4.806666,3.8898528,noise
-75.33081,3.9406888,3.9320774,-1.9967442,3.7189617,-0.525835,3.8148863,-3.0851178,4.3949246,-2.3096445,0.6439864,-6.9137754,3.6863906,noise
-78.79463,2.5322297,2.2184737,-3.463915,4.336132,-3.0906677,1.2851274,-4.2924476,1.5120356,-2.0796244,1.8494827,-8.396407,3.612772,noise
-79.2241,2.1176124,0.30423036,-2.4893353,4.7131357,-0.43234137,7.0138702,0.1623334,3.272171,-5.937022,2.5267978,-7.06894,4.512492,noise
-78.80551,1.3373952,2.7177014,-0.59829056,6.3261156,-3.2675176,9.002184,-0.24241349,3.20624,-4.446023,1.4528424,-6.810532,2.431812,noise
-74.52514,1.5423912,2.4947417,-0.540312,1.3329514,-2.5607748,2.6418362,-2.244562,4.758336,-3.128253,6.3388233,-3.9163752,5.2729907,noise
-76.15075,4.549827,-0.087757215,-2.292475,4.386834,-3.0297964,5.2955036,-4.281983,2.583499,-6.1606975,4.9454575,-3.1105494,5.919675,noise
-74.774635,1.3288662,2.3458774,-2.2492244,5.790942,-0.5616413,5.2958274,-4.14227,1.6742364,-6.5713077,5.01955,-6.9122367,1.538414,noise
-75.199356,2.6993444,2.6230857,-2.2649841,4.1680517,-3.0948763,4.403481,-4.547545,2.0523582,-4.213988,3.0139158,-5.560804,3.482533,noise
-67.95441,4.100397,3.878662,-1.7834526,3.7029138,-2.0635092,5.7017465,-5.785777,1.6082251,-4.843713,0.70407075,-6.4201617,2.084547,noise
-71.60216,1.9034805,2.8358462,-0.15113571,4.365286,-4.3345428,6.142375,-5.673774,-0.57258624,-3.3131115,3.9888995,-4.692207,6.818448,noise
-72.98631,2.6979961,2.5201411,-2.991105,3.997463,-3.0257719,6.222187,-7.185545,0.9146462,-4.6319084,2.909549,-3.7609115,3.282134,noise
-72.778015,4.018731,2.5393467,-0.74380416,5.7409244,-4.4065003,6.183102,-2.5676718,3.6926985,-5.184579,1.908922,-4.2276173,3.6393392,noise
-73.59536,1.188655,-0.1874056,-4.8625813,3.9740312,-1.3815434,2.5129132,-2.6760862,4.334509,-6.218017,3.019278,-6.0855627,3.2773902,noise
-73.43384,1.758766,3.2598126,-5.652764,4.351983,1.0545655,6.7235937,-2.8579755,2.0216446,-4.2874775,1.6960486,-4.646294,2.447061,noise
-72.05757,2.325671,0.7226434,-5.2828503,7.02467,-0.8754054,5.513619,-5.572365,1.1999061,-3.754658,3.681864,-4.799649,3.0140913,noise
-69.468994,5.1413126,2.4448807,-3.4856591,4.789639,-0.975389,4.9012227,-4.320242,1.2991189,-2.747046,4.799246,-6.4257774,2.7718444,noise
-74.91882,3.7521222,3.1192095,-2.5738003,6.0568604,-4.052802,2.1936538,-3.808291,4.7688556,-5.976768,2.3226786,-2.6075103,3.4449368,noise
-78.61681,4.362874,1.8235359,-5.481938,3.8202164,-0.3380008,4.9052567,-5.358944,2.5684705,-7.7603827,1.197619,-4.667877,5.385776,noise
-70.97399,4.7620497,2.918036,-3.824952,5.137413,-1.9448133,3.3433247,-5.0436506,4.379583,-6.165709,2.4162555,-3.1119971,3.794791,noise
-72.71834,3.7307937,5.246146,-0.71661663,5.283117,-3.552089,3.1311882,-5.7659183,0.84629714,-4.242052,3.1019185,-2.6428313,3.0612571,noise
-72.13806,6.047551,1.8628787,-2.0171418,6.2968473,-1.3116785,5.407995,-4.1700506,-0.8301505,-6.1462,4.8848524,-2.5980601,4.947741,noise
-72.33147,3.1006556,2.2551582,-2.8069282,7.978119,-0.10215243,5.055629,-1.0605386,-0.19253823,-4.9332123,2.5515473,-6.100372,4.861239,noise
-69.39812,2.7871063,0.48023275,-0.16124175,6.2255836,0.8594949,5.710919,-4.967129,1.7459602,-5.9478498,3.5487823,-5.06739,4.41387,noise
-66.876915,1.0827683,3.4084854,-0.44078794,6.4918346,0.5909429,6.281523,-3.3123744,0.5395259,-7.450597,1.7485449,-4.185485,3.772343,noise
-68.08011,2.0636668,2.8162603,-1.9074708,6.8314905,0.46218973,5.516904,-2.7489526,1.9920597,-4.3940907,0.83022517,-3.8836412,3.4393878,noise
-66.87135,1.8290826,1.2909694,-4.2455587,4.5032463,-4.4241724,4.32305,-2.2750487,1.1492832,-3.5550241,0.5707397,-6.357333,4.6242557,noise
-70.66675,2.4296348,5.8089995,0.99396914,4.276193,-4.047525,3.473013,-2.1756036,3.885466,-3.892093,1.0478253,-4.520013,1.4914792,noise
-68.21081,1.9421586,4.2478533,-2.526386,4.9566054,-2.5192738,1.7071642,-4.1349664,3.3649962,-5.4208517,1.1877801,-4.8461356,2.1134975,noise
-69.027435,0.21652766,2.4743452,-1.0483003,7.064608,-1.897043,2.8640208,-3.9407463,1.8406302,-5.2639337,1.9790463,-5.2397537,-0.031650946,noise
-74.012596,0.5194563,6.080143,1.8360227,6.8501067,-1.6621659,5.1541076,-1.1782153,2.1756907,-2.5976822,2.336654,-4.8082623,1.678772,noise
-71.38041,1.8583581,4.81673,0.41688347,4.2869296,0.8292843,0.7358506,-4.2734323,3.6673098,-4.1342945,3.7823622,-2.771323,2.8709884,noise
-71.547005,3.2051334,3.4307704,-2.452775,2.1278307,-2.8536212,2.735026,-3.8024857,2.2877905,-3.825573,3.3789287,-3.466847,3.635852,noise
-76.18363,0.7469868,2.136898,0.62136984,4.474284,-0.88644737,3.8641257,-1.952003,6.487426,-1.9819988,3.8348377,-1.9381026,6.1885138,noise
-73.15495,4.2587614,4.655609,-1.0222725,4.7063365,-2.80652,4.994135,-2.7974048,3.797889,-4.390325,0.23624888,-5.071606,2.9844058,noise
-75.285576,2.904134,4.360595,-4.2445207,3.5558312,-4.1457458,4.822367,-5.339734,-0.4404653,-1.9911126,1.5544748,-6.7612414,2.114968,noise
-73.71771,-0.72612965,2.6095085,-2.9699807,5.308408,-3.9017477,3.6518064,-2.9528875,2.1378865,-4.538631,0.72380865,-4.33225,1.6668167,noise
-69.84931,2.3155851,3.191692,-2.8172815,5.9077435,-0.17170422,3.1724539,-1.1114779,4.494127,-3.6713052,3.4606931,-5.027809,2.6883805,noise
-70.46764,5.61992,3.9845343,-4.644096,5.206147,0.52871627,3.0450516,-2.2110445,0.11514189,-7.536658,4.4955363,-6.4123516,5.198857,noise
-73.09103,0.07282788,-0.2953773,-4.81303,5.8833985,-0.7420291,4.960316,-4.5505986,1.4750679,-5.551363,2.8156714,-5.072696,2.7445138,noise
-68.6587,1.2743348,2.4767902,-0.3471049,5.2256594,-1.5867234,3.262386,-1.5219665,2.2646573,-4.306962,3.752409,-3.1163669,5.12321,noise
-68.11415,6.1013885,4.016029,-1.3465873,4.84928,-1.2774733,3.6960533,-3.3917367,1.2673293,-6.1876397,2.6457314,-4.570593,5.1014843,noise
-65.82246,1.5905085,-1.498556,-6.134974,1.2594081,-3.0489535,3.824074,-4.9425955,1.2538662,-6.523775,2.752624,-4.3806195,4.519353,noise
-67.030014,3.0736203,5.11695,-4.801597,3.2352846,-1.2131829,4.9789057,-4.4261627,2.1258132,-3.5459318,1.4063387,-6.1558113,4.583349,noise
-66.937164,-0.5789486,2.2855666,-2.744529,1.0785393,-3.2769108,0.43462095,-4.7073007,2.8820646,-6.468009,2.753919,-5.0395217,3.0572336,noise
-68.091255,2.4428124,4.2062373,-3.794163,0.6131938,-3.0092185,3.5708232,-5.311089,1.3456557,-6.06288,2.679311,-3.0305753,4.8589563,noise
-67.35025,4.967085,2.4588377,-3.9073966,3.1650147,-0.14371233,2.6915066,-4.32171,3.953297,-4.561871,5.4955087,-4.5137496,4.234353,noise
-68.68251,5.696134,3.4553666,-5.665431,3.253631,-1.1249324,4.6196356,-3.7272491,0.4847637,-4.0598054,2.6786275,-6.4279056,4.6575255,noise
-67.983604,1.8289791,-0.46601665,-3.1230278,3.3214006,-3.1938908,4.9607115,-4.4455743,2.9457498,-3.1803532,4.637356,-3.207272,4.7155585,noise
-69.519905,3.793228,4.343658,-0.38523406,6.6585555,-4.2416024,1.1727711,-6.3772955,2.8357394,-3.057428,2.5894163,-2.9501922,4.7739315,noise
-68.315346,2.07628,3.625983,-2.3313344,4.2935586,-2.3314219,2.1320293,-6.8198004,3.032664,-4.4203753,5.631266,-1.709831,3.3383114,noise
-70.48808,2.3668966,3.7697299,-3.2362306,5.0799646,-3.4583127,4.355446,-5.663014,0.43739247,-3.8002245,4.067431,-3.1776292,4.0291233,noise
-71.38554,4.0607495,2.1271722,-3.5589693,5.0621963,-5.8659873,1.7287294,-7.055349,2.2231615,-2.1871226,2.4254267,-5.719612,3.9018693,noise
-71.10117,4.347531,2.5045686,-4.162584,5.972709,-2.9275103,1.5280726,-6.5137587,2.4917781,-7.630175,3.9194868,-5.4438047,2.193467,noise
-69.1703,2.9924636,2.243357,-3.7109978,3.4772916,-2.7385752,4.8483014,-2.2858636,1.0621842,-5.448203,3.2499552,-4.490018,1.1023842,noise
-70.164055,6.4704447,4.280468,-3.0478516,8.1460085,-2.924343,2.1309803,-5.5084066,-2.1436017,-6.995887,3.7504675,-2.5681598,3.6291082,noise
-69.3616,5.8420587,4.709664,-4.639541,5.092082,-1.1205845,4.780536,-4.586586,0.18101202,-4.171333,2.11069,-4.0245614,3.786279,noise
-70.522514,4.867264,2.0664601,-2.1513026,6.6763625,-2.2494485,1.7433864,-5.370481,0.508276,-5.4387,3.9155576,-6.4138246,4.4229894,noise
-67.91864,4.264566,0.6881065,-4.47092,3.0776317,-5.509197,4.6480846,-5.140294,4.0473723,-4.0513954,1.1728386,-4.256842,3.3014073,noise
-70.71516,1.8871946,-0.4119015,-2.5721772,3.6207907,-4.5968404,4.9944587,-4.8206644,3.2728817,-5.993721,0.20611091,-5.3344007,2.5418224,noise
-71.79056,4.0914025,2.21547,-4.96714,5.064664,-4.949942,2.0274372,-2.7925684,2.3387713,-4.5508256,-0.07285378,-3.9059706,4.089803,noise
-72.77283,2.492941,3.5513158,-0.86064667,4.873391,-5.2830377,1.8864306,-4.072757,4.0161624,-3.59564,3.5853524,-3.793963,3.060614,noise
-70.66759,1.2881856,2.2860215,-0.43374804,3.6985092,-2.6827536,4.2670054,-1.8025798,4.3715816,-6.0336866,0.5398117,-3.9322011,4.8172235,noise
-71.104576,6.2583356,-0.44503194,-4.1475077,3.780667,-4.30878,3.8578014,-5.011592,2.6595647,-2.4084795,3.8112423,-5.0680637,3.5413034,noise
-73.94268,5.3983235,2.3694048,-4.8172355,5.149285,0.2179619,4.239377,-5.3123174,3.2719927,-6.992681,0.18482246,-5.8894877,1.7516248,noise
-71.40315,3.866917,1.7346315,0.17737779,4.489296,-1.6152713,6.437821,-3.3718016,2.6432643,-3.7979238,1.582962,-6.5940785,3.0631726,noise
-75.242,4.340377,3.350643,-0.03562626,5.2592096,-2.0952487,2.0241218,-5.2143025,1.026469,-4.0428743,2.1625197,-5.629865,3.7012463,noise
-74.405876,4.4530735,1.468495,-2.1306024,3.9745052,-3.1043172,3.3877914,-3.9115093,3.6042051,-5.8552885,3.1285655,-5.687854,3.397898,noise
-68.65377,9.492912,2.4867017,-1.443349,6.556781,-5.372665,4.802138,-4.312897,0.67953706,-5.967664,3.7680771,-5.453223,3.3873441,noise
-74.93777,-1.1179835,-0.7792491,-3.9695542,7.41617,1.1759778,4.414017,-3.54396,0.69484454,-6.0191116,3.9982657,-3.5443442,3.996079,noise
-72.80846,5.551814,3.11256,-2.7481873,2.4475248,-4.68692,4.9515395,-3.4168353,3.9662094,-3.048639,4.502306,-3.7664084,1.2206019,noise
-75.913025,2.0033357,0.47256902,-1.3085495,4.278556,-1.7334752,6.7870235,-3.747102,1.6640176,-5.5827284,1.7374723,-6.049598,3.4916413,noise
-76.315094,1.7018963,0.6060374,-4.280593,3.262593,-3.0615342,5.713692,-2.2181485,3.5443013,-2.769353,2.396117,-4.566373,4.2976418,noise
-73.94559,1.7571329,0.67284703,-3.130318,4.5770535,-2.1494677,5.9311767,-2.1334062,2.7554362,-3.2757244,3.6116493,-7.512969,2.8383417,noise
-68.10152,2.2035158,-1.5187992,-1.7825104,4.8249116,-1.5930554,5.9806066,-1.8565598,3.1445825,-6.4275928,2.655151,-5.7394137,3.6671052,noise
-67.35188,3.2640245,2.9589524,-3.432934,1.8188134,-0.67505807,4.5222864,-5.019214,3.4477704,-5.7686996,2.324843,-6.5364604,3.356043,noise
-66.44022,4.631953,0.8413087,-1.0598897,4.994672,-3.5521295,4.273761,-6.1591606,1.107694,-6.1178446,1.4625982,-6.0603824,4.7199783,noise
-69.32547,0.27351627,-0.1155339,-2.5584419,3.3831398,-4.384069,2.0792844,-5.404349,2.9595642,-6.343073,2.0182722,-3.1464965,4.6972623,noise
-78.397156,-0.3364819,0.13566862,-3.3493705,5.827325,-1.9656498,4.761064,-3.430407,4.392182,-4.739985,2.1086688,-3.650476,3.8160784,noise
-77.17833,-0.5276626,0.80995184,-3.9906628,0.6108261,-3.167015,4.397346,-5.4919057,1.2882206,-6.1688604,5.3077745,-5.232041,3.0872917,noise
-78.30486,-0.4655415,3.8821332,-3.9301667,3.2119706,-0.8479409,2.9330993,-4.9017124,5.850628,-5.998095,0.9792006,-2.102335,5.919493,noise
-76.32185,-0.3943709,-1.0167522,-4.042319,6.905252,0.4822131,2.924857,-3.2502189,3.1552682,-2.115082,5.883265,-4.4416747,5.278424,noise
-73.96734,0.3588857,1.5570722,-3.0974436,6.9485455,-0.63338876,3.9519265,-5.658418,1.7764646,-6.136816,-0.38151705,-5.409467,3.180266,noise
-69.791176,4.9713173,0.43995312,-4.5655756,5.49159,-2.1956265,4.4423647,-5.8235564,2.8939981,-3.5299942,2.4901788,-4.968434,1.5379139,noise
-69.49603,2.1568131,-0.39213413,-2.5987277,6.3611574,-1.0443242,7.2688417,-5.003025,0.6887572,-5.0998836,3.923107,-5.123892,1.6348925,noise
-75.72979,-2.9098165,-1.7988224,-6.2042656,3.77117,-0.02261528,2.3147502,-6.7094374,4.588284,-4.07513,3.126778,-6.4014406,1.6247779,noise
-70.13823,2.7369998,2.4007266,-2.3295522,3.6504595,1.4217666,4.037579,-5.3645353,3.9255426,-5.8903046,1.8272592,-9.513134,3.5079799,noise
-73.25815,2.0020432,-0.53799325,-1.2845958,4.917132,1.3126625,4.013057,-6.865297,3.980922,-5.7188573,3.9927435,-6.060746,2.8661501,noise
-74.456924,-0.45594576,0.07795142,-3.63044,2.7896287,-3.9185603,3.7968538,-2.0538774,0.69366735,-5.8534403,3.5743246,-4.993264,0.77412075,noise
-71.26156,0.8855173,1.1895916,-2.5416706,2.836352,-1.2305487,2.6859536,-5.1205835,4.7654276,-4.579134,1.7460259,-7.3387094,2.773203,noise
-71.45267,1.3141859,0.9691918,-5.2749457,5.440595,0.25658876,5.3174176,-4.8810377,1.2673324,-5.7555766,2.538621,-4.472972,3.182295,noise
-72.2581,0.7253612,2.3875468,-1.4075304,3.1783903,-1.0173163,4.3846416,-3.095312,2.2461216,-7.513551,2.3070068,-7.6464963,4.1542077,noise
-72.36505,2.0190191,5.0421853,-3.120178,1.9316697,-2.7257948,5.363216,-3.796815,2.0540006,-4.165837,2.7101471,-4.908986,1.4740068,noise
-72.82054,0.25518033,1.254526,-5.3930616,1.9507892,-0.058275804,5.688956,-4.371721,4.653055,-4.1310143,2.81129,-5.578809,1.5089303,noise
-76.13319,6.3951817,5.0951395,-3.6518395,2.7586277,-4.171342,8.897728,-3.0305486,5.5830235,0.36816168,2.1676104,-5.187698,2.4243436,noise
